attendance,cgpa,backlogs,fees_flag,suspension_flag,gender,broad_phase
32.89295233888459,2.7554170673185476,3,0,1,F,3
94.06881844983106,8.015542793885576,0,0,0,F,0
51.38999493326128,5.840426919925201,4,1,0,F,2
91.27401339464686,5.831281943826134,0,0,1,F,1
60.14814548911368,4.0327029562552354,6,1,1,F,2
59.602487287655876,6.178579476511576,6,1,1,F,2
73.29590342765017,5.855680970625491,1,0,1,M,1
10.503002936581783,3.251585658325616,6,0,1,M,3
93.96673617599963,8.369706336150474,0,0,1,Other,0
77.83380775032595,4.699679868819813,8,1,1,M,2
88.62428874386659,7.623236209821311,0,1,1,Other,0
53.24279907023635,5.707027969009569,2,1,1,F,2
69.32826075285436,5.675656687773183,3,1,0,F,2
81.91062565866878,7.244946642200606,1,0,0,M,1
92.77058250662047,7.0540268733440445,0,1,1,M,0
91.9292327627825,8.10139863844889,0,0,0,M,0
84.7049798086373,5.18009896688957,3,1,0,F,1
86.80124233625126,7.479706973743784,0,0,0,F,0
13.472622016614217,3.589440086165598,10,1,1,M,3
34.276910253248175,3.756170749478428,7,0,1,Other,3
68.05534758074647,6.575214091888122,3,0,1,F,1
46.383853755524015,4.786862239842262,5,0,0,F,3
49.47793776586046,4.487784645752215,7,1,0,M,3
55.188018254371386,4.131543812067598,0,0,0,M,2
50.806659693894375,2.852956095801269,7,1,1,Other,3
85.4726047231997,7.112518970178936,0,1,1,M,0
51.86989059743237,5.076845711293954,5,1,1,Other,2
84.95858724372361,5.980124801709193,4,1,1,F,1
66.68714164048924,5.824491092654343,0,1,1,F,1
92.15410501503942,8.782359010834952,0,0,1,M,0
73.58597329174621,7.211883933766499,2,0,1,F,1
74.0016541950455,7.592830573223537,2,0,1,M,1
73.20059912116695,5.480110205453112,4,1,0,M,1
95.0,6.669016511721701,1,0,0,Other,1
69.96748257047798,3.0,4,1,0,F,2
89.34431234898328,7.138268296297291,1,0,0,Other,0
51.85124068668571,5.124124484954114,4,1,0,F,3
46.627324163391414,6.38805917001142,3,0,1,Other,2
70.52197075276864,4.975658268077886,4,1,1,F,2
88.77361077028945,8.892584201036065,0,0,0,F,0
94.17555622957289,8.235568146699965,0,1,1,F,0
20.304630073686244,3.065843137758007,9,0,1,F,3
91.70777775470255,7.850367648057372,0,1,1,M,0
89.35978124801775,6.982028190685221,2,0,1,Other,1
47.48800988707854,3.142377651839369,4,0,1,M,3
70.15010275738275,5.0,0,0,0,M,1
82.129974253451,5.951100394570714,0,1,1,M,1
78.17998694414048,6.927519509057336,1,1,0,M,1
83.62156838331039,7.275936370292476,1,1,1,M,0
44.13359348443819,4.166021050896637,5,1,1,Other,3
20.155945856452288,5.201519677234781,7,1,0,M,3
99.18456764160658,8.258148786050725,2,0,1,M,0
82.68876211321447,4.7337946413361,6,0,1,F,2
90.15315746297209,7.48246094297968,0,0,0,F,0
67.33538165802331,6.470741940487141,1,0,1,F,1
50.34864477453749,3.906111494111492,8,0,1,M,3
71.92661524173509,5.147404177923643,5,1,1,M,2
43.72277926138237,3.6322767125244004,12,0,1,F,3
52.300410730343806,5.655524896691836,4,1,0,M,2
91.91696932176748,7.2788504322202945,0,0,1,Other,0
62.011817576720425,3.381531797573553,3,1,0,F,2
69.5799609647403,6.156676487514403,3,1,0,F,1
31.60912510535221,4.4077890059579055,8,0,1,M,3
47.37686613624212,4.810986843975199,3,0,1,Other,2
51.015104327079015,4.334976090228874,9,0,0,M,3
14.252897289090214,2.4275245862065598,9,1,1,Other,3
82.70698782094763,6.449311362818619,2,1,1,M,1
53.87474870983134,4.045294964325082,8,0,1,F,3
91.1886780116614,8.117638055794131,0,1,1,Other,0
52.02794184512405,4.966930175228872,2,0,0,F,2
67.69072990250548,3.861913121218705,4,1,1,Other,2
83.7417639294693,7.414014203549603,0,0,0,F,0
60.41647280570547,5.061045448679237,6,1,1,F,2
58.23940043845696,5.857522364946126,6,1,1,M,2
85.9606423305718,7.034880083851252,1,1,1,F,1
99.10323078823401,7.069077423378745,0,1,0,M,0
66.13810455013609,3.0392558868424486,9,0,0,M,3
56.04954150052119,6.091279142635447,2,1,0,M,1
91.01153095915596,7.7075629325334996,1,0,0,M,0
20.055559096612694,5.157675160280728,13,0,0,F,3
89.04347837559193,8.093986793743053,0,1,0,Other,0
72.06596908936027,6.23858992355534,4,0,1,F,1
63.786975050368355,6.480682907433014,5,1,1,F,2
12.48926594343341,4.6731736721563575,7,1,1,M,3
28.870441084965144,5.664942851172679,8,0,0,F,3
74.87006474505635,4.55125679929677,1,1,1,M,2
43.79052956210288,4.062533412833771,9,0,0,M,3
90.03169531181135,7.291578953701563,0,1,0,Other,0
81.27707006512904,7.960135218071596,1,1,1,M,0
47.42039700317884,3.626855727053758,6,1,1,F,3
47.52464948540889,4.084233705726059,7,0,1,F,3
50.57490679009206,4.820554940271339,7,0,1,F,3
94.57951271178007,7.993176604102351,0,0,0,F,0
88.14042709339355,8.52961186944816,1,1,1,M,0
60.098196796662634,4.082184352067756,5,1,1,M,3
19.970987909830214,4.793808489841362,7,1,0,Other,3
72.64849353385564,7.018897236889515,4,1,0,Other,1
50.02361161443234,6.388018399819101,4,1,0,M,2
36.92578835540425,4.0414725363517245,8,0,0,F,3
34.60780465726542,1.7977745509263348,6,0,1,M,3
94.6612747137559,6.945090336786152,3,0,0,Other,1
85.48029577617253,5.563719414694974,2,0,0,Other,1
91.96413734129959,8.037856643978417,1,0,0,F,0
75.06692839103259,6.106508111889696,7,0,0,M,2
87.35280286316963,6.876365722329572,0,0,0,M,0
59.00050665915655,7.944726174959667,2,1,0,F,1
79.00309908309673,6.835783371418271,1,1,1,F,1
92.1738303723331,7.539574801095436,0,0,0,F,0
76.45630314343884,6.355487969112622,0,1,1,F,1
75.90156827667573,6.967892379700206,4,0,0,Other,1
76.26165196430975,6.13290957492027,1,0,0,Other,1
41.93846468795216,4.175587598089916,2,1,1,F,2
64.93165330836014,5.318387646050305,1,1,0,F,2
70.0,3.697482386185771,5,1,1,Other,3
64.54737218601525,6.33734293243626,0,0,1,M,1
81.98870229470538,7.444447549541221,0,1,1,Other,0
44.01425093170025,6.001684339606873,5,0,0,M,2
71.84210513844994,5.921559776219764,2,1,1,F,1
87.14528169239102,8.454300679946055,0,1,0,M,0
20.588386524661882,4.271939753386089,8,0,0,Other,3
45.23079588234211,4.785984975133333,8,0,1,Other,3
30.0,5.1304561663461605,6,1,0,F,2
30.0,4.939043462380841,5,1,0,M,2
88.45663472226794,7.945132909184908,0,1,0,M,0
92.29692885858306,8.01929056149046,1,1,1,M,0
46.352586488917666,4.642574849939454,6,0,1,M,3
84.41307943505196,7.982194631904955,0,0,0,M,0
74.6925616773947,7.266865688047067,1,0,0,F,1
52.36116807144198,6.955280241861096,6,0,1,F,2
86.28205885593718,7.328912416814546,0,1,1,M,0
51.85016647917748,5.198651473133179,6,1,0,Other,3
24.108950845120052,2.4318838608654447,5,1,0,Other,3
65.84774278846676,6.513293830648076,0,1,0,F,1
68.21020685648018,7.024169720187734,1,0,0,F,1
71.02805690082926,5.41551997655903,0,1,1,M,1
70.25951703797627,5.351178112334548,6,1,0,F,2
35.06946062296038,5.529353454106815,8,1,1,M,3
59.241427792530274,3.7885624047219015,4,0,0,M,3
42.43886471372588,5.695771930627441,9,1,1,F,3
60.773604064678764,4.281523605092927,10,1,0,F,3
85.0,4.974732200629496,8,1,0,F,2
88.32771913822062,7.933885671734414,1,0,1,F,0
36.206822958244246,4.880160384067541,5,1,1,M,3
82.26029033039141,6.1231906332783455,3,0,0,Other,1
31.807113232791714,4.418112096293077,2,0,1,Other,3
74.9243270336885,6.033274404855201,3,0,1,F,1
66.47062182207728,7.279561794718909,4,0,1,M,1
70.72582024269101,4.829130033693407,5,1,0,M,2
96.02926810444117,7.906164504535774,0,0,0,M,0
84.88251253689067,7.779673789215129,0,0,0,M,0
58.810288529991794,3.8431173654807615,9,1,1,Other,3
79.86818547149284,5.564995643486801,1,1,1,M,1
86.86142502118831,7.273146517643897,1,1,0,M,1
53.82481392859022,4.370971102678014,10,0,0,F,2
96.50022297349479,7.377897060569565,1,1,0,F,0
84.92210459396229,7.856888525079666,0,1,1,M,0
80.88640151737403,6.367528012402126,3,0,0,M,1
26.149804113105482,2.5854676820559703,8,1,1,M,3
68.44256537567686,5.668127801781211,4,0,0,M,1
59.745223018069915,4.280232781473196,12,0,1,F,3
81.38759381675978,6.046778400064337,4,0,0,F,1
67.78005460263289,6.505595820684169,2,1,1,M,1
81.36339788403825,8.269017219964125,1,1,1,Other,0
70.70277090608515,4.636993812189803,4,0,1,F,2
40.00133546445458,3.673864890295044,12,1,0,M,3
57.56676773203418,5.0924396185315715,2,1,1,M,2
20.844940771722342,4.326851747807324,7,1,1,F,3
52.49394417725088,5.952419763964514,3,0,0,M,2
83.36803641130219,8.350831824044784,0,1,1,F,0
32.14983372586603,4.637082100288996,7,0,0,M,3
81.74440669294543,4.482386702438832,7,0,0,M,2
68.05956676142358,6.776599973322208,0,0,1,F,1
40.13312157125442,4.225599650558173,6,1,1,F,3
61.46699522543872,3.870977879386189,2,0,1,F,3
78.33191940075848,8.198516650007745,0,0,1,M,0
61.24148597872437,5.284554705690969,4,1,0,Other,2
75.64589656943221,6.712171319465231,3,0,0,M,1
66.6031568512816,4.1402450386465866,2,0,0,M,2
62.30910385140188,6.571274429172309,0,1,0,M,1
44.49778516261118,4.223237936174829,4,1,1,M,3
49.762920033178105,4.754505349951762,3,1,1,F,2
68.22488454308234,5.424609380169029,1,1,1,F,1
45.41651138964727,4.225757343084752,10,1,0,F,3
68.03788105099726,4.665291944307262,7,1,0,M,2
68.36826249363236,5.767035795463482,2,0,1,M,1
80.73362470172945,6.1910323813438355,0,0,1,M,1
41.264212769102464,3.9560192702290493,5,1,0,F,3
34.547874940580144,4.017878432508402,7,1,0,F,3
47.58770675887562,5.857305471911258,5,0,1,F,2
57.349401521389694,5.498941061183292,4,1,1,Other,2
87.86842262645503,6.249886457813229,1,1,1,M,1
86.39220983228576,8.864497670442852,0,0,0,M,0
84.84478330692747,4.985977401374258,4,1,0,F,2
87.04646493018257,8.029137165467723,0,0,0,F,0
90.33789534744446,8.331332985192741,0,1,1,F,0
82.05216253345516,7.498828009654599,1,1,1,M,0
63.480601099965064,4.081493364156432,6,1,0,F,2
87.65159945488327,6.532559219150319,3,1,0,M,1
64.89131082143683,6.220195960597166,5,0,0,F,1
32.514561174837134,4.527606514889257,10,0,1,M,3
26.28328650117162,1.4720704214068911,7,0,1,M,3
68.97021687432996,7.631187696913433,1,1,1,M,1
83.87197118116376,7.341584894470879,0,0,0,F,0
92.2613237466951,6.839250457918191,5,1,1,M,1
88.57557966808713,8.493702572523201,1,1,0,M,0
89.18667039727546,8.403504140972235,0,0,0,M,0
67.30418895496547,4.3354418107185815,5,1,0,Other,2
47.04507935595298,5.489263492016645,7,1,1,M,2
79.4332218968795,4.755367627478615,6,1,0,M,2
89.227352589656,7.90432800665247,1,0,0,M,0
42.7052162013305,4.299889084740598,8,1,1,M,3
92.93111165679639,7.617232361285144,0,1,0,M,0
89.48255865967019,7.924474061196535,0,0,1,F,0
83.15920400377168,7.770579753425349,1,0,1,M,0
74.43558903112893,7.25128048225241,4,1,0,F,1
25.67607321164438,3.775091068151392,7,0,0,M,3
62.09534217001446,3.924554301179496,5,0,0,M,2
95.34235777994519,8.139287957255902,1,1,0,F,0
95.44608748355397,8.718150878281646,0,0,1,F,0
62.503990787567794,4.37433770106531,6,1,1,Other,2
68.6903840286787,6.812522714871632,2,0,1,F,1
93.21663397344523,6.839821993806927,0,0,0,M,0
76.18796539902903,6.738308310451082,2,0,0,M,1
53.28077046766138,5.513368519211083,7,0,0,M,2
56.334445410774805,3.682475006133446,12,1,1,M,3
46.47641511775428,3.2386413667426237,7,1,1,M,3
80.84547087076234,8.823696998801665,0,1,1,M,0
88.10918722980306,8.257705201450406,0,0,1,M,0
46.645617613838624,5.839392222194805,8,1,0,M,3
93.50976813110636,7.844126834588776,0,1,0,F,0
50.71547975161036,5.036638584591012,9,1,1,F,3
88.8807059155975,7.951910531538334,0,1,0,F,0
44.35653273525316,4.2432854653053935,9,1,0,F,3
45.17104825720858,5.240234749952944,5,1,0,F,2
23.144019015536294,4.465784923718024,4,0,1,F,3
98.08104840825604,8.065528913023073,0,1,1,F,0
42.36170980671438,3.4218366206449318,4,0,0,M,2
76.19123929366278,5.58363346332841,6,0,1,F,1
48.96023866711565,5.107203580934328,4,1,0,Other,2
81.64292302055635,6.876203697959136,1,1,0,M,1
95.0,6.317114926271122,2,0,0,F,1
65.92698083207405,5.83814851476607,7,1,1,M,3
69.47975270988424,6.6698509899267036,1,1,1,F,1
74.40957782694944,6.302589862645354,2,0,1,F,1
56.89568424909771,6.237147116924842,4,1,0,M,2
87.35253645468099,7.358682674869739,0,0,1,F,0
94.44597792260228,6.545872806581036,3,1,0,F,1
63.34156357578297,4.503408055816455,7,0,1,F,3
68.37755180675407,6.908650581705063,2,1,1,F,1
71.69961413320962,4.01239817616591,4,1,0,M,2
57.60144495482031,5.130977804046415,5,0,1,M,2
84.73550744648026,8.549989825171043,1,0,1,F,0
46.16381541680843,4.702890687050059,5,0,0,M,2
100.0,8.221906354691553,0,0,1,F,0
43.207131380610946,4.7004144884113455,4,0,1,M,2
43.863063044203045,5.8432332769309365,6,0,1,M,2
77.68162780955316,8.37023436582968,1,1,0,M,1
77.10864602088087,6.800275773789039,1,1,1,M,1
36.480729422186535,3.970945363774549,10,1,1,M,3
81.69958913392466,3.904125227830284,5,1,0,F,2
93.12795196983669,7.8737413328485175,2,0,0,M,0
50.44867251214488,4.654781085771415,6,0,0,F,3
87.43878635464232,7.775717895985823,0,1,1,F,0
44.5559774625911,3.8647299434337494,6,0,1,Other,3
59.359884453039264,6.159147219800683,5,1,1,F,2
42.790256836521294,3.5364393601443225,5,1,1,F,3
94.23291992921702,7.755124908549395,0,1,1,F,0
85.89306660387807,7.828829530668059,0,0,0,F,0
93.21969396638428,7.971522729393236,0,1,0,M,0
39.5029475350401,5.602241458353417,1,0,0,M,2
57.0189215043476,5.736331598672489,9,0,0,F,2
34.39581336979789,2.3184321976365587,13,1,0,M,3
94.67773562732575,8.176360081513172,0,1,1,F,0
22.464056799783222,6.0,7,0,0,M,3
9.877782912996778,4.083884347844583,7,0,1,F,3
56.43120688922434,2.3419482831648035,8,0,0,M,3
79.95272946068599,5.5887541838105435,0,0,0,M,1
89.34456674656137,8.58265376777359,1,1,1,F,0
70.84590826331421,4.847115032176072,5,0,0,F,2
89.2274716037505,7.824523808891011,0,0,0,F,0
12.140301044094656,3.639825135549075,7,0,0,F,3
78.46158376834228,5.151869115481982,4,1,1,M,2
76.14933911581012,5.578152448456938,4,1,0,F,1
60.10718247732839,6.017937728227239,3,0,1,F,2
57.5682120803975,3.881286471447998,4,1,1,F,2
94.84139177295741,7.555601343384541,0,1,0,M,0
81.2163910876071,8.512918421442619,0,1,1,F,0
52.46420019049922,2.3959079983114373,5,0,0,F,3
92.48580372026882,7.550152606756123,0,1,1,Other,0
100.0,7.548788452603744,0,0,1,M,0
54.184269724611525,4.377460572577707,6,0,1,M,2
37.61198596559447,2.7586358164194307,6,0,1,Other,3
48.511287287107294,6.085870067199846,0,1,0,F,2
53.78269732621749,4.130614397579305,9,0,1,F,3
80.08659543018099,6.623983881003521,2,1,0,F,1
90.33272907929603,7.7990037099353975,0,0,0,F,0
91.09344298364506,7.920407564309969,0,0,1,M,0
3.3180096997707125,5.165216382075362,4,0,1,M,3
53.98100213464167,5.443699302947656,10,1,0,M,3
98.60384915582992,8.206896158595107,0,0,0,F,0
72.28623507068275,6.066249911890192,3,0,0,F,1
87.86373676831732,8.668093050006085,0,1,1,F,0
43.07799426930913,3.3848864910746643,5,0,0,F,3
68.73255494439313,5.636184174914971,4,1,0,M,2
80.10138715613441,6.5210045769716585,3,0,1,F,1
57.839869728300975,4.096948580923728,9,1,0,M,3
64.26451452804116,4.807463777091423,4,0,1,F,2
48.52940894366489,4.48322789448498,2,0,0,F,2
67.37804068962751,5.390077637779822,3,1,1,F,1
100.0,7.819114761277914,0,0,0,F,0
73.21431040055037,4.867388066676902,5,1,1,F,2
16.751127413269387,4.429881573161483,7,0,1,M,3
66.64993782098608,4.627401593275709,5,0,1,F,2
86.7845085031833,7.002407926125044,3,1,1,F,1
45.63534773492116,4.793343714183106,6,1,0,M,2
69.56217195647277,5.788788429414245,1,0,0,F,1
48.81259885358841,4.53902224264504,5,1,0,F,3
47.41662323819315,4.979517600887196,4,1,1,F,3
64.90568228459458,4.330385494621574,8,0,1,M,3
44.470595723003775,3.8248962786043506,7,1,1,F,3
90.58342904570364,7.873311215525993,0,0,0,Other,0
47.146412504419295,2.342243159576098,7,1,0,F,3
89.21681051170955,7.73864065191516,0,1,0,M,0
88.35737388438552,8.189640017182581,0,1,0,F,0
74.9106613210803,6.7377492366993454,1,0,0,F,1
74.12093512630786,8.5,5,1,1,F,1
50.029149242236876,3.4989205303924678,8,0,0,M,3
71.3428321435379,5.673583962172557,1,1,0,M,1
29.25588149995214,6.0,6,1,0,F,3
82.31813394320888,7.047489767366318,2,0,0,M,1
86.72858361656222,8.470144732441794,0,0,0,M,0
74.80098329093414,5.857603717849818,3,1,1,F,1
55.60489348329677,2.6360535283375457,10,1,1,F,3
71.07773987079717,7.045670594540015,2,0,1,F,1
90.3601678661629,8.87684551335054,0,0,1,F,0
34.409932558204275,3.683528957350116,4,1,1,M,3
85.8887499135484,7.796528125613721,0,1,0,M,0
97.67877995997996,7.76044841454401,1,0,1,F,0
47.123998150819745,4.886625523564934,3,0,0,F,2
51.25473383975394,3.597351841846465,9,1,0,M,3
59.879797258604405,5.753105560392276,5,1,0,M,2
98.63675107082092,7.577477336015424,0,0,1,F,0
44.605054354382425,3.6579490158994985,10,0,1,Other,3
64.80239814618537,6.595621598108891,2,1,0,M,1
74.57566189920892,6.758794147947391,1,0,0,M,1
36.77359432920035,3.4581559106201234,6,0,1,F,3
91.84178306350329,7.819083731457829,0,1,1,F,0
32.29946846775915,3.3767191924053144,10,0,0,M,3
36.38480134321809,3.358904617259152,4,0,1,M,3
72.09934226062748,7.466895310891248,1,0,0,M,1
90.8629395886106,8.174675311280215,0,1,1,M,0
90.45760089086605,8.114740857731803,0,1,1,M,0
55.31562810480402,3.6351224478257924,3,1,1,F,2
35.10774672924077,5.297846441536551,11,0,1,F,3
96.79593787620219,7.690167032935693,0,0,1,F,0
76.4116901883264,5.542440405832696,1,1,1,F,1
20.318357037128184,2.17796814972908,15,0,0,F,3
30.92540017195799,4.431724186134103,6,1,0,M,3
64.25545392930027,4.760661216648328,7,0,0,M,2
57.547686761564606,4.124922286962049,2,1,1,F,2
89.14796209417898,8.315990741880698,0,0,1,M,0
93.18766905448848,8.780719100901786,0,0,1,M,0
76.16980234023887,6.494204081249289,0,1,0,F,1
84.46477158978256,7.586647476541553,0,0,1,M,0
76.79646680780054,5.209115684182732,3,1,0,Other,1
87.96460881824838,7.946909034688712,0,1,0,M,0
68.92109245326718,3.574351500070141,8,1,0,Other,3
95.8562354673366,7.418960243632856,1,1,0,F,0
79.37095313249876,4.424842374504349,4,0,1,F,2
90.77714663834233,8.04181053870528,0,1,1,Other,0
56.87901619281476,3.9973528687538966,8,0,0,M,3
19.83254463614228,2.76694895989087,5,1,1,M,3
87.68824103667717,7.673541927667644,0,1,0,F,0
69.79397020734292,3.1274039697863363,7,0,1,M,3
26.64543526169055,4.017346018033554,8,1,0,F,3
56.391119746849405,3.5440925798253424,5,0,0,M,3
91.11539871312638,8.231684903016344,0,0,1,M,0
30.440966312371714,3.5779595654937317,9,0,0,Other,3
41.77801362169508,4.708152558123973,12,1,0,M,3
46.44245522044738,5.042281047895159,3,0,0,M,2
74.90566342353097,4.394376347319627,8,0,0,F,2
69.15970666777991,6.8853034576543495,2,1,1,F,1
87.02799823900632,8.059612930563697,0,1,0,M,0
63.20529860583241,3.4960048916364492,4,0,1,M,3
58.29021090736074,4.666329418286439,5,0,0,M,2
73.448697104676,6.545460161285519,0,1,0,F,1
66.02507029145337,6.5312607966744265,4,0,1,M,1
68.65994351771388,3.8318931761185757,6,1,0,M,2
66.38017644686624,6.2072121267453335,3,0,0,F,1
33.056662368621566,5.6592156871665225,13,1,0,M,3
42.84195862204787,4.45441330591856,8,1,0,Other,3
43.32428421773968,3.37693093004312,7,1,1,F,3
100.0,7.418785609930035,0,0,0,Other,0
60.37542615145847,6.386795297871127,0,0,0,M,1
68.15443975820199,6.733484308145344,3,1,1,F,1
65.6576093585204,5.670720749436374,1,0,1,M,1
72.08758880829734,4.361332177008938,4,1,1,M,2
50.793427473969025,3.7028824263019082,10,1,1,Other,3
88.66806254995522,8.317685571430639,1,1,0,F,0
68.16908198414825,6.6298593146093205,2,1,1,M,1
70.48824642760586,7.148799139503579,5,1,1,M,1
85.61569610916206,8.500872698825754,1,0,1,F,0
75.41180020349178,5.626660540599345,2,1,0,M,1
79.6549677416628,5.963579255269006,1,0,0,F,1
90.46063329217054,7.841046725685769,0,0,0,M,0
83.87231470297934,4.899139570904072,5,1,1,M,2
36.50387261321461,3.017439509235602,5,0,1,Other,3
97.40727773829487,8.415515928833987,0,0,0,F,0
34.51350096133973,5.80841921626137,1,1,1,M,2
72.3128636418424,5.641085789084439,3,1,1,M,2
72.60382844565353,7.0437653892056025,1,0,1,F,1
81.75978855806923,6.615860823411734,2,1,1,M,1
31.944445999990975,4.306600509785823,4,1,1,Other,3
61.4173660514121,5.573488189019027,5,0,0,M,1
84.3335639299826,7.966009872007797,0,1,1,M,0
61.71961402377235,5.607805578414514,1,1,0,F,2
83.12552095815009,8.221272812102027,0,1,0,F,0
93.1564411291927,8.278266721375632,0,0,0,M,0
89.97439066639964,7.542421942077037,0,0,0,M,0
38.023272655676124,1.7291091070997582,4,0,0,M,3
65.55577121596909,7.268129255042007,5,1,0,F,1
86.50534785710627,7.436109617554143,0,0,1,M,0
54.77513247087133,3.0,0,1,0,F,2
79.53995631446959,6.766016309334029,3,0,0,M,1
49.91251551403026,5.3826245605841425,1,1,0,M,2
34.94678614907262,3.538976048337885,7,1,0,M,3
67.46929256111358,4.076680851530457,3,0,1,F,2
42.609102232184206,5.391700915097922,3,1,0,F,2
75.6551050281399,3.6088102182400714,3,1,0,M,2
46.257264349359325,5.052135253091385,5,1,1,M,2
94.01792509689301,7.91514010178981,0,0,0,F,0
30.390176372463493,4.2708141568810145,9,1,1,M,3
65.72543445455365,4.689751451700581,4,0,1,F,2
90.65779531203255,7.104161262631749,2,1,0,M,1
53.32076403719904,5.078422526422588,10,0,0,F,3
50.99976796900499,4.553858196350319,8,1,1,F,3
56.10483724923582,5.706681310207034,2,1,0,M,2
77.07750597614124,7.049468002081543,3,1,1,F,1
92.65032352800733,8.239437769260231,0,1,0,M,0
32.313996720972455,5.595113858797393,7,1,1,Other,3
87.33049880813223,7.4245677454072165,0,0,0,F,0
88.08406339432005,8.476026826569946,0,1,1,M,0
43.42104991765106,5.372980098121183,1,1,1,F,2
83.57210353556613,6.098431216399106,1,1,0,F,1
71.63877232386496,6.378471915818007,5,0,1,F,2
71.52617166401468,6.88835756520772,3,0,1,F,1
59.289022574293824,6.754284155473272,2,0,0,F,1
73.0047693672885,4.14657660995408,1,0,0,Other,2
67.14203730617227,6.153676098632001,1,1,0,M,1
59.63971862629834,5.888123292706142,1,0,0,M,2
85.05230939984068,8.349598365847443,0,1,0,F,0
85.0,5.937690341981356,3,0,0,M,2
93.75225597903228,7.640259883357605,0,0,0,Other,0
57.23836568266035,6.456506077764576,6,0,0,M,2
70.0,4.176287758899809,7,0,1,F,3
37.42968031182801,3.482924813410645,8,1,0,Other,3
93.0438073611222,7.832030387479926,2,1,0,F,0
45.14787702631955,3.6984783991227066,10,0,1,F,3
44.148262861638,4.621572772419417,4,0,1,M,3
92.90388547664898,8.367791546214187,0,0,0,M,0
95.06357908909914,7.1081944351429085,0,0,0,F,0
88.97419155566978,7.993840353535345,0,1,0,F,0
94.24496037012574,6.544895761664708,1,0,0,M,1
77.98104330780387,4.470621121449485,2,0,1,F,2
92.13945220347459,8.432984319208577,0,1,0,M,0
91.58247130836654,8.679610300147806,0,0,0,M,0
92.14378219230807,7.782296263528019,1,0,0,F,0
75.1323667280167,7.597744512944683,3,1,0,F,1
100.0,8.0495174105036,0,0,0,M,0
85.57189270241366,6.457935426571408,2,1,1,Other,1
82.61571091577134,7.822150842214483,2,0,0,F,0
84.95634806117832,6.001562083671926,2,1,1,M,1
69.62903010433887,7.236298402369264,6,1,0,M,1
73.62995818620155,3.905206853182091,0,1,0,M,2
31.29121503552226,3.1003200899023975,9,0,1,M,3
86.1025880163729,7.2978654509546255,0,1,0,F,0
56.78649658075362,5.0,1,1,1,M,1
90.98895040970926,8.578753879010566,0,1,1,F,0
100.0,8.675312560476328,0,1,1,M,0
77.03356167377945,4.927228084166937,5,1,1,F,2
39.48923950805843,3.436452342465334,14,1,1,M,3
30.0,4.839829752302001,4,0,0,F,2
88.15875521605984,8.005725645835327,1,1,0,Other,0
93.7471694986387,7.688916149872871,0,1,0,F,0
53.0445603878853,3.9658921584016866,4,1,0,F,2
58.57049959540403,5.865874443548198,3,1,1,F,2
84.69804487391745,7.943259406912126,3,0,0,M,1
95.88705944488846,7.898958377305298,0,0,0,F,0
70.78847017342845,6.062063125519023,2,1,0,M,1
96.54775342430264,8.47382480492415,0,0,0,Other,0
52.24563912925922,4.313539581605669,10,0,1,M,3
88.20991655962786,8.941087440102025,0,0,1,M,0
55.85580909958359,3.6776881557479886,8,0,0,F,3
67.28769833765361,5.923108495062366,1,1,0,F,1
86.96339485370247,5.744729969065956,3,1,1,F,1
89.30919018824352,6.79422598084329,3,0,1,M,1
63.35784318022949,5.2184752845052405,4,0,0,F,2
80.03469814472922,8.034959790497412,0,0,1,Other,0
42.79822083780968,2.545538465597031,5,0,1,M,3
90.04506718589226,7.720535307104096,2,1,0,F,1
40.09879234149328,4.329984092177034,4,1,1,M,3
86.40209478936735,6.13144531243872,2,1,1,M,1
79.01928283078813,6.281412263775343,2,1,0,M,1
68.81068198831363,6.318859778379093,8,0,1,M,2
48.17909748230823,3.4376789280113087,5,0,0,F,3
26.226498063918676,4.450193972311433,9,1,1,F,3
77.55808200250198,5.613419433810496,2,0,1,F,2
87.94536384583131,8.625862504282598,0,1,0,M,0
35.99394192425366,2.6255060253589697,5,0,1,Other,3
75.43196837613941,4.57242350262992,5,1,1,M,2
86.72606152285304,8.392422018304067,0,0,1,M,0
97.35745986496579,8.255610907273768,1,0,1,F,0
69.8636373928509,6.420258524862842,1,0,1,F,1
59.41216214326858,4.975852114283318,3,0,1,F,2
43.595113653944495,2.199256926575136,10,1,1,M,3
28.083949038992642,4.230368019139722,6,1,0,M,3
50.0,6.868341412686727,0,1,0,M,1
89.51356700793255,8.127606708427937,0,0,1,F,0
37.21780036143616,4.463883299702394,8,1,0,F,3
70.36852351289076,7.0,1,1,0,F,2
33.068986814220494,3.436269446820739,6,0,0,F,3
96.64480295218495,7.496053525188228,1,0,0,M,0
35.17152379321495,3.1424325706118923,11,0,0,M,3
55.84434835531006,6.9928105520251576,2,0,1,F,1
83.4317431002267,7.041723826636906,0,0,1,F,1
95.0,5.850173108447681,1,0,0,M,1
86.78954578591649,6.450499085792877,3,1,0,M,1
90.1639104643813,7.62355404138569,1,1,1,Other,0
83.69675756694491,7.482429269337253,3,0,1,M,1
51.67904002599177,4.962917037935387,2,0,1,M,2
58.84998600428572,5.852223497359359,5,0,0,M,2
0.0,3.922019498105573,5,1,1,M,3
85.70353768558381,8.172322613118027,0,0,1,M,0
69.83702403138491,6.887767454196727,2,0,1,M,1
77.10534670789247,7.013035990206275,3,1,1,M,1
25.20557268141347,2.6448766002950275,7,1,0,M,3
41.047832351682274,4.030131029251634,7,1,0,Other,3
88.83720361193,6.333918196631819,4,1,0,M,1
87.70662357530334,7.317629173899217,0,0,0,F,0
44.120854726747304,3.1539753844671976,5,0,0,M,3
89.18278550737743,7.8994476727405845,0,1,0,F,0
80.53321872435444,6.594194240668256,2,1,0,M,2
67.36302619213652,5.486716953167298,6,0,1,F,2
59.47097835470643,6.012746901245455,5,0,0,F,2
57.18084686102073,3.0,4,0,0,Other,2
70.29178342224463,6.71630164925999,2,0,0,M,1
69.66204060340792,6.596756397832012,0,0,0,M,1
42.38598524540022,2.4659401167785386,8,0,1,M,3
36.09205654305689,5.080418468088983,5,0,1,F,3
32.707537087409364,4.827786948693147,11,1,1,M,3
66.73190894606927,6.406180945433444,2,1,0,M,1
91.1608066153336,7.910386687275123,0,1,1,M,0
97.86677451237621,8.006026590300912,0,1,1,Other,0
79.7141780262382,6.009228059848841,2,0,1,F,2
96.49614148893033,7.711230556322175,0,1,1,M,0
61.64039043992655,5.7597439222530875,4,1,0,M,2
40.343955258514185,3.7560772423520525,4,1,0,F,3
32.644185853547306,5.6938281276220515,11,1,1,M,3
88.30483462049719,8.224049681968102,1,1,0,M,0
55.1409448141227,3.93746080424525,4,1,1,F,3
88.32196315940676,8.06058897464973,0,0,1,F,0
66.63068941154971,4.265336165355155,6,0,1,F,3
68.18385447469566,5.172810360597755,1,1,0,Other,1
80.80395964858603,7.681287127640647,1,0,1,M,1
73.23786941038024,6.260008742963114,2,1,0,F,1
60.9539527570974,4.633377865346173,9,1,0,F,2
22.34174330089866,5.497743878133629,4,0,1,F,3
62.89601272217212,6.920764286190005,3,0,0,M,1
66.54290645314148,5.778992234745066,4,1,0,M,2
85.40273856999194,8.13101790603719,1,0,0,Other,0
68.62017553597005,4.884822312623095,4,0,0,F,2
53.63199732313088,4.196909933105988,3,0,1,F,2
57.14385932544145,4.9014557633928755,2,0,0,F,2
71.57615272996341,3.921059474900834,3,1,0,M,2
97.16607253303087,7.234642371371647,0,0,1,F,0
56.36489047313229,4.062843851178985,5,0,1,M,2
79.69824923204966,7.156163876843753,3,0,0,F,1
40.432108533007195,4.999189413970708,7,0,1,F,2
21.033319835661032,4.464871305846708,7,1,1,M,3
18.001045517694934,5.149703782967822,7,0,0,M,3
60.398958196135936,5.109006645002794,3,0,0,M,2
43.598342201772375,4.456192637414308,11,0,0,M,3
62.459271883842895,5.836664473408558,3,0,1,M,2
92.19543339464788,7.711052945961172,0,1,1,F,0
83.88983180404648,5.967394678466277,2,1,1,F,1
88.6708060404231,9.030149085262039,0,1,0,F,0
71.76280522467196,3.7475782180252493,7,1,0,Other,2
48.647112097463165,2.426361904097961,9,0,1,M,3
98.66155802704972,8.108615597405262,0,1,0,F,0
100.0,8.141293491459649,0,0,0,M,0
31.66649205360219,5.35245037709235,4,1,1,M,3
80.60329178232257,6.809555443425619,0,1,0,F,1
14.346817655174654,3.1953885436680225,6,1,1,M,3
50.19782517149454,6.509872757004757,3,0,0,M,2
23.054199485274232,2.4857941166590143,4,0,1,M,3
95.32990115393822,8.082195351488652,0,1,1,M,0
70.0,3.7665163221273374,6,0,0,F,3
36.94423329095564,2.9704110969929656,4,0,1,F,3
71.46756308172392,5.524315393575762,1,0,0,M,1
66.59050861329541,5.421751936906112,2,0,1,M,1
62.270475712602675,7.245018530373027,0,1,1,M,1
67.99915970354111,6.88266692283154,1,0,0,M,1
65.43163287120353,6.678635346229211,1,1,1,F,1
57.68207187673646,6.292344218542876,4,0,0,F,2
72.18398189258224,4.6805671506000746,5,1,0,Other,2
83.38111864921376,5.035350267967669,3,1,1,F,2
57.47004343972599,4.476581051212535,6,0,0,F,2
81.09733099457206,5.504340230384132,6,1,0,Other,2
91.3185860217826,8.0221061890521,0,1,1,F,0
24.38219243044388,5.109830762240032,5,1,1,M,3
65.98363040702215,5.879481393830124,4,1,0,M,2
60.14460840477726,6.983063990622777,1,0,0,F,1
78.78639323838036,6.508804951646283,3,1,0,F,1
56.85222569302806,5.164184873362382,1,0,1,M,2
51.586152218651705,4.74690861771681,5,0,1,Other,3
33.89234979360111,4.581758303020961,5,0,1,M,3
57.73831907551723,4.481817885537349,4,1,0,F,2
51.015812297655884,4.739872477596997,1,0,0,M,2
74.05984825914844,5.94302481083059,1,0,0,F,1
81.4072911020292,5.651342194858192,0,1,1,M,1
54.01471719601456,3.276579728330743,7,0,0,M,3
56.23889000779687,4.053022937787775,7,0,0,F,2
77.4339891640054,5.935997283371045,1,1,0,M,1
84.54348329091698,7.240986971299271,1,0,0,M,1
35.14508507509543,4.507612765033052,6,1,1,F,3
59.03249492650865,3.1575560450692954,10,1,1,F,3
59.1566169358278,4.159059242186327,4,0,1,F,2
53.35481815396606,4.5645425661818,4,0,0,F,2
92.26982789654348,8.657403935752953,1,1,0,F,0
60.89092361630428,3.836289501976048,3,1,0,F,2
84.43794264008291,8.19849565224942,0,0,0,F,0
51.44299301160333,5.901696946922073,10,1,0,F,3
85.68327367630309,7.0315165336472925,0,1,1,F,0
84.62175307126749,3.7175999347772493,4,0,1,M,2
79.26355485130672,8.388883694542463,0,0,0,M,0
72.86046856139188,7.245979622304033,2,0,0,M,1
31.650291785624386,4.501191222908123,4,0,0,M,3
50.22258978728682,2.2188609997738222,6,1,1,M,3
85.60923816535625,7.889231942134599,0,0,1,F,0
78.67219592339973,4.664332925879199,7,0,1,F,2
50.01064365750135,4.216928685416986,5,1,0,M,3
85.67084442153379,7.3777641061994625,1,0,1,M,0
76.61919367285068,7.3457839778363505,3,0,1,F,1
27.633009267808834,3.9236355005682837,12,1,1,F,3
31.55159384581906,1.3578975414444652,5,0,1,F,3
48.302018520822195,3.4937706720930715,4,0,0,F,3
84.70731959010796,8.041990501657228,0,1,1,F,0
95.0,6.0344567957468636,0,0,1,F,1
42.35741253483025,3.9311505959556756,2,1,0,F,2
51.77152054712432,5.030178317345791,1,1,1,F,2
42.12443160717855,5.542481866844151,13,1,0,F,3
72.11622886222587,4.785413440373387,2,1,1,F,2
54.75845327870604,4.527911638274049,3,1,0,Other,2
55.97953172717618,5.629058934633264,4,0,1,F,2
33.95446428453934,3.880012830165713,2,0,0,M,3
98.00889445660458,7.693011599303551,0,1,0,M,0
52.060507290434174,5.1996845048119535,7,1,1,M,2
32.36215254832356,3.8724915409518426,8,1,0,F,3
83.27172799621222,5.594546598463137,2,0,1,M,1
85.38289928983819,6.913924510196739,2,0,1,F,1
86.69037029466675,7.421826169867334,1,0,0,F,0
81.87692185117783,7.425495125854933,2,0,1,M,1
58.063767547570635,4.945321769310429,7,0,0,M,2
90.53940222171516,8.11277991975509,0,0,0,M,0
79.3612915227043,5.694383947478609,5,0,1,F,2
36.51882886962434,3.5819491359430304,5,1,1,M,3
84.0208017720548,8.357198241315329,0,1,1,F,0
38.10479483308684,4.433904153059605,6,0,1,F,3
87.40860078816863,6.663582783448531,0,0,0,M,0
90.63920201583643,9.210207506123702,0,0,1,M,0
84.80673294327426,6.475724524986987,2,1,1,F,1
37.39949716921532,6.0,6,1,0,F,3
87.49022696873494,6.329530370792597,3,1,1,M,1
94.50943482686692,7.040548034146753,2,0,1,M,1
91.74387947023148,8.225884300470492,0,0,0,M,0
95.42643502222955,8.435277804709862,0,0,0,M,0
54.557381072332596,6.106016513926581,2,1,1,M,2
90.26233399178122,7.8985430076022265,0,1,1,F,0
85.91583619377472,6.829875320492126,0,0,0,F,1
42.470759049550495,4.695142427517965,6,0,1,F,3
64.55206999541087,5.278007447946468,1,1,0,F,2
65.26579828034036,6.346998498099987,2,1,0,F,2
73.91463367314843,6.694140925804151,2,0,0,M,1
29.712584787898912,5.092057025126307,13,1,0,M,3
60.73670397812831,3.2423897171117173,6,1,1,M,3
34.397140768409656,3.6892105170278007,5,0,1,F,3
47.7399135652686,4.2382006540620125,12,1,1,M,3
38.238281870914946,3.8191638812603848,7,1,0,F,3
61.51537364685083,4.891040232972817,3,0,0,F,2
29.859207957936476,3.4606598874583736,5,0,1,F,3
89.665234135509,7.94119457228744,0,0,0,F,0
91.80960926964421,8.245383354496909,1,0,1,M,0
60.31360569684708,6.460838197568313,0,1,1,M,1
67.73416906418635,5.051575140882138,6,0,1,F,2
80.57256384427923,6.194641249700604,4,0,0,F,2
41.69608542754725,5.0866948134347965,6,1,0,M,3
90.7999580678672,8.210094299362469,0,0,0,M,0
53.44262330942411,5.5955269869581725,1,0,1,M,2
89.79590373650935,6.34799947084658,0,0,0,M,1
87.65298829898639,7.411692640285349,0,1,1,F,0
27.25448786349721,3.489378411060623,8,0,1,M,3
38.451195543086214,2.6138927229790485,10,1,0,M,3
85.77169483616326,9.121460156201493,1,1,0,F,0
62.432517420758884,3.322638164293807,7,0,0,Other,3
87.64813672853602,7.956452914473745,1,1,1,F,0
51.48612816154889,4.996871570226321,4,0,1,F,3
62.35569638822786,5.483069717266497,1,1,0,F,1
83.89127317527007,7.628337334227243,2,0,0,F,1
91.21248395635611,8.564009428674652,0,1,1,M,0
82.76971072805773,8.223161073771532,0,1,0,M,0
95.0,6.843424831719122,2,1,0,Other,1
70.18087738755406,4.768532009397613,3,0,1,M,2
82.39326025674903,7.922635917297237,1,0,1,M,1
83.6103121284019,8.417903948157168,0,0,0,Other,0
90.29313478967295,6.301785669779446,5,0,0,F,1
78.65487345038505,5.267097416750219,1,0,0,M,1
35.831864392656016,4.671499528500248,12,0,0,F,3
94.39225150653637,8.448907704205274,0,0,1,M,0
82.59731743717492,7.714275390401632,0,0,1,F,0
74.65766640249085,4.6304055981165915,3,1,0,F,2
87.64237596275025,8.124393654900542,0,1,0,F,0
18.368605040351873,3.464391084740905,7,1,0,Other,3
83.0890924231148,7.883865335037882,0,1,1,F,0
36.5009768732115,5.132895171891363,6,0,0,F,3
74.79364427122631,3.5903055900219645,7,0,0,M,2
63.02411710965843,6.739402420194715,5,0,1,Other,1
87.96792491807692,7.529438952037521,1,0,0,M,0
82.35733360280163,6.7693063202096635,1,0,1,F,1
77.78332939570504,5.793723815688223,1,0,1,F,1
70.33583493992566,6.951511682520542,2,0,0,Other,1
88.3616345281902,7.894654992818421,0,0,1,M,0
83.08547749602019,6.153962034872114,2,1,0,M,1
82.1397987217338,8.01545863901635,1,0,0,F,0
91.40354093898311,7.084930449520371,1,1,1,M,1
50.25118609732156,3.4407691448656603,5,0,0,F,2
75.10802084856014,5.548785927853889,2,0,0,F,1
45.55803804975386,3.1275640225109984,7,1,0,Other,3
55.74662404828461,4.827549300269935,3,1,1,M,2
91.5218336451513,8.017788238492312,0,1,1,F,0
75.67555484080825,6.8264301405192915,1,0,1,F,1
89.29604556791807,7.134664197246391,0,1,0,F,0
79.74399201837554,4.924153152488009,1,0,1,F,2
89.23738733773821,7.508990290084849,1,0,0,M,0
88.09131053000836,7.46393348928657,0,1,0,M,0
93.39456781535948,8.353424820449526,0,1,1,M,0
95.52996684953649,8.462178878593717,0,0,1,F,0
98.83964956789941,8.159700131895615,0,1,1,Other,0
71.60394974393431,5.78629084428279,5,1,0,F,1
50.7077771893418,4.725017062769716,5,1,1,F,2
59.19853585405427,4.909944074425607,3,1,1,F,2
67.49458111066035,4.916471167091461,9,1,0,F,2
75.91354884044021,4.862251870963901,4,1,0,F,2
17.777725492112058,4.306577537664568,7,0,0,M,3
75.82718201863189,5.686786648745957,2,1,1,M,1
48.217812667104944,4.7640476398247475,6,1,0,Other,3
91.42913069801271,7.916536034945717,0,1,1,M,0
48.2474639497285,3.835554462950328,3,1,1,M,2
67.5990713498778,4.097110410423163,6,1,0,F,3
76.39111739761591,7.156266045224831,0,1,0,M,1
63.38195549302337,4.707254618362282,2,0,1,F,2
52.21755732177249,4.30355423619043,9,0,0,F,3
56.43189598059834,6.701103532725455,2,1,0,M,1
87.04448287404448,9.589426839683767,0,1,1,M,0
57.73357380834628,5.00913961228905,6,0,1,M,2
50.63100327483899,4.462175622750211,6,0,0,Other,3
72.77364552983013,5.3315386635829105,1,1,1,M,2
38.09766256520568,2.0345016279946497,9,0,0,M,3
52.21969903650089,6.862244269141273,3,0,0,M,2
72.60228987106409,5.993735019841413,1,0,0,F,1
62.893676304000266,4.7046293668249515,2,1,1,F,2
82.66477377304504,7.070082296727186,0,1,0,F,0
71.88914081481427,5.536809941768801,3,0,0,Other,2
52.37036932142843,6.128933739319421,4,0,0,M,2
58.909246319014336,5.287860533029512,5,0,1,F,2
98.71967263083896,8.12644240748495,2,0,0,M,0
86.97499643595634,8.294773443017801,0,1,0,M,0
62.28934831713774,2.6278479518800206,4,0,1,M,3
44.98463239772776,4.721211137578483,3,0,1,F,2
92.91327620993853,7.840446701494551,0,0,1,F,0
84.79728030421232,8.003008340218036,0,1,0,F,0
85.460522510479,5.9093330150326935,2,1,0,M,1
90.0571302778033,8.139432142323619,0,1,0,F,0
87.86590131287232,6.7929493521852695,0,0,1,F,1
75.04132882654866,7.673616358771987,2,1,0,M,1
91.09691250681928,8.312542600624077,0,1,1,M,0
77.27202925453652,4.810715580441337,3,1,1,Other,2
50.0,6.724314659692227,2,1,1,F,1
70.9110090979121,5.43901565494057,3,1,0,Other,1
63.43912256752712,6.5734949143301336,5,0,0,M,2
66.65148847228498,7.1041647175276355,3,0,1,M,1
65.05740888666405,5.795258536004717,3,0,0,M,2
55.33487492824722,3.8249906356283874,7,0,1,M,3
72.29603444196641,6.882115186417401,1,0,0,Other,1
59.25740117847126,5.519902378794054,4,0,1,M,2
91.4799699484355,8.497850692949962,0,0,0,M,0
65.96465553423728,7.223666608979284,2,0,0,M,1
85.83315597025297,8.06551355809671,0,1,0,F,0
64.48128423858684,5.414547906227601,2,1,1,Other,2
71.43964261971337,4.525474794129535,3,1,1,F,2
79.98238853966743,7.889516341106823,0,0,0,M,0
74.98081599990945,6.4485649368867195,2,0,1,Other,1
46.9932445247322,4.43584703285654,2,0,0,F,2
88.97281221066186,8.270565805402265,1,1,1,F,0
97.3165144560978,7.794180838891895,1,1,0,F,0
69.73895553229464,4.794058464527121,12,0,1,F,3
68.23753302636385,8.470113217286313,3,0,0,M,1
91.16439010068584,8.006992610932647,0,1,0,M,0
31.45284363515801,2.9247358985391383,6,1,1,M,3
83.2571364142531,6.280870399851656,0,0,1,F,1
66.3719998042673,5.1992301365212255,2,0,0,F,1
18.008773566405353,4.053205432448897,6,1,1,M,3
88.32938279649593,8.323742345354738,0,0,1,M,0
75.46598870773187,3.11586409185736,4,0,1,F,2
92.07204716637999,7.252797190090346,0,0,1,M,0
26.683996744001156,4.120126765911243,8,0,0,F,3
55.84605517638362,4.39281210880552,2,1,0,F,2
37.26310584682036,2.6247184534313224,9,0,0,M,3
22.273276335213787,5.133030818721643,13,1,1,F,3
75.44510711936294,3.6712064887943825,4,0,1,M,2
82.15727821093728,3.9640264172204542,4,1,1,F,2
41.140706763320615,5.223664820351975,7,0,1,F,3
72.42478801090209,6.457353861704446,0,0,0,M,1
18.031307349247513,3.0041080741255026,6,1,1,M,3
68.89901133942887,7.296569738580034,1,1,0,M,1
77.27162798387467,6.269756090766636,1,0,1,M,1
94.39698987431414,7.219520823502778,0,1,1,F,0
52.71639234366532,6.0,6,0,1,F,3
56.96125556859064,4.319840293115309,5,1,0,F,2
94.6371924077909,8.89878058332232,0,1,1,F,0
84.788413412372,5.8672844972933875,1,1,0,F,1
42.63665374289278,4.687835764666775,1,0,0,M,2
90.76281256051234,7.374842230538427,1,1,0,F,0
73.32125930573689,6.256281146414327,4,1,1,F,1
74.25231078435272,6.992903699147849,3,1,0,Other,1
77.72955754863389,6.4214852699225915,3,0,1,M,1
79.22467424237227,7.185015004565475,2,1,1,Other,1
85.36712029297237,6.793609834535255,0,0,1,F,0
59.48470700451906,4.16486748694205,0,1,0,M,2
93.75434494365629,6.941672775514735,0,0,1,F,0
57.193433868984776,4.637444212825011,3,1,1,F,2
71.8836056605028,7.054755188170825,1,0,0,F,1
89.23559472265033,6.897911013916229,1,1,0,F,1
28.63304940394986,2.896773235110471,7,0,0,M,3
82.54861892474042,6.992933241586217,2,1,1,M,1
85.60327204779693,6.813400521066548,2,1,1,M,1
68.3893090419286,7.038022635847458,1,0,0,F,1
95.01378912652302,7.392054537947935,0,1,1,F,0
27.830240056389954,6.0,8,1,1,F,3
58.48515591272082,3.618427611538827,7,1,1,F,2
87.50352200730424,8.6062594184158,1,1,1,F,0
61.06814704414827,5.73553023339208,6,0,0,M,2
87.67623560803905,6.074142752867187,2,1,0,F,1
77.7681972933082,6.867567181780818,0,1,1,M,1
76.7570045616485,7.498889337058529,4,1,0,M,1
74.121643213963,7.0468268436566195,6,1,1,M,1
74.0160406239191,5.073812480114542,3,1,0,Other,2
30.815111660444533,3.3963218263383146,10,0,0,M,3
68.09884458848055,6.895442096891038,0,1,0,F,1
85.52636490522087,7.608791833019277,0,0,0,M,0
38.166458480386105,3.794893994800007,11,0,1,F,3
64.81882388481314,5.907728504675869,2,1,1,F,1
82.58907301278589,7.62412207609325,0,0,1,F,0
83.386501938228,7.739705793572295,0,1,0,M,0
61.45245527596289,7.0,9,0,1,Other,2
54.34585399512953,4.073796813847427,10,0,0,M,3
90.65137260736444,7.5654763760676085,1,0,0,F,0
96.76792944784698,7.059600786012971,0,1,1,F,0
23.59281239964686,4.682767512307893,7,1,1,M,3
84.29030886928798,7.793831563897634,1,1,1,M,0
56.911040905968676,5.1326273236930104,8,0,1,Other,3
85.79009639236114,6.240740573237225,5,1,0,Other,1
84.8934167377135,5.129924840674181,8,1,0,Other,2
24.188647148053967,3.8701720191538063,5,1,1,M,3
73.57664114349973,4.961857854708902,3,1,0,F,2
88.34255913951372,6.534702812073612,0,1,0,F,0
69.14811551072988,7.88053716636067,1,0,0,F,1
89.40680836945059,8.193851570631008,2,1,1,M,0
78.44948281683678,7.583481638601994,0,1,1,F,0
70.77439017201253,6.048597785353869,3,0,0,F,1
80.65892300756298,5.959643575860662,2,1,0,M,2
5.185469000945993,3.0913165588896474,10,1,1,F,3
71.1187208306047,5.391128009406244,6,1,1,M,2
35.100943051051104,5.221019260379937,3,0,1,Other,3
71.06697529406324,4.664172497986547,1,0,1,F,2
86.42589222790114,6.996763305946513,2,1,0,M,1
50.032127612774104,1.7166556553754733,9,0,0,M,3
83.59046058177735,7.007995588323105,1,1,1,M,1
38.85819646876563,5.873525148609482,3,0,0,M,2
78.91496037348107,7.304563788670473,2,0,0,F,1
79.33976859634345,9.026342490972945,0,0,1,F,0
46.88471153299961,1.3698666433414917,3,1,0,F,3
44.79493916244029,4.037119828083638,2,1,0,F,2
63.30323998975581,5.393082452942306,1,1,0,F,1
85.8130088808627,7.566497371838286,0,1,1,M,0
57.65388503062805,5.336946556183043,1,0,0,Other,1
52.07187667473835,4.030146057366434,6,1,1,M,2
78.0346690081667,6.798286762773598,3,1,1,M,1
85.0,5.927040688507209,3,1,1,M,2
63.87955745640799,7.314447070014531,1,0,0,M,1
88.81574867745158,7.106646244315961,0,1,1,F,0
82.39631204986563,5.77436397058478,4,0,1,F,1
57.94761454058722,6.428102241572712,7,0,1,M,2
17.769407808457228,3.096415169509838,7,0,0,M,3
92.40373329452954,8.117724184154966,1,1,0,Other,0
92.71577134152598,7.586885266818023,1,1,0,F,0
40.54302955993942,1.8431051131925495,4,0,1,F,3
63.71573025807812,4.9147117138182645,11,1,0,M,3
83.11656926221846,9.2746639763035,0,1,1,F,0
78.31563839983727,6.165816690622848,5,0,1,M,2
42.579535034815216,4.908435991745353,3,1,0,F,2
61.86557093242972,5.369243134369023,7,0,1,M,2
24.48382294462931,2.6240648493393,7,0,0,M,3
60.93874577228205,5.039980779765276,2,0,1,M,2
68.07275254197295,6.155474961674745,3,0,1,F,2
94.19244601868172,7.959206115157439,0,1,1,F,0
68.65669006474454,6.145681513315366,3,0,1,F,1
88.74011310896557,7.626950871673744,0,1,1,Other,0
50.78645328322277,4.890117610464382,7,1,0,Other,2
65.86901659739948,4.782190703961329,6,0,1,Other,3
33.121738608611395,3.1204679866846536,5,0,1,F,3
50.15886445529819,5.43161465227459,8,1,0,M,3
62.87500372974626,3.897148685118313,4,0,0,M,2
64.1392641738752,6.83998227143336,3,1,1,Other,1
83.98555280142617,6.762680234716715,2,0,1,F,1
82.09202800273029,7.646367735024268,0,0,1,Other,0
29.835674269150473,4.975676513902204,3,0,1,F,3
65.49463792814258,6.315565924874675,4,0,0,F,1
59.52167167260089,5.666661371718151,1,0,0,M,1
95.0,5.620761644992373,1,0,1,M,1
49.76899457516025,3.4896348449429544,8,1,1,Other,3
70.80776499426528,4.419346644213421,3,0,0,F,2
61.4408896015198,5.4325432769938296,9,1,1,M,3
44.6317529839072,4.115836127345985,5,0,0,M,2
35.075139272307,5.4295623975478255,13,0,1,F,3
91.56756923725098,7.905038079488872,0,0,1,M,0
91.66535186309127,7.999040073411827,0,1,1,F,0
100.0,7.0207042798014845,1,0,1,M,0
66.80020688365303,5.279646358905648,4,1,0,M,2
84.93141316779801,7.810096744105053,0,0,0,M,0
65.89265525770543,4.79942486982218,3,0,1,F,2
56.9405143469253,4.060636897590281,7,0,1,F,3
77.83246672218178,4.216484666477784,2,0,1,F,2
85.21222289219133,6.00086704281608,1,0,1,F,1
64.34549971131237,5.129673446847073,6,1,1,F,2
59.39331556974433,4.197048477093514,4,1,1,Other,2
40.399772530012264,4.79863926104864,5,0,1,M,3
40.188290846654276,3.069769928705422,6,1,1,M,3
67.9348145987311,5.307720691969864,9,1,1,M,3
62.89947150310966,7.202433403614365,1,0,1,M,1
52.58190547551743,5.082745825289417,7,0,0,F,3
53.77385624062587,5.971645484763155,1,0,0,F,2
84.13996403702592,8.60709491446425,2,0,0,F,0
56.5373666369232,4.082959275417065,2,0,0,Other,2
94.94791967297427,8.136602011426062,0,1,1,F,0
70.0,2.681581723694862,4,1,0,F,3
58.54081691584149,3.4165980186529774,6,0,0,F,2
41.51175387715087,4.053860967315834,6,0,0,F,3
91.92475483052931,8.241033417762763,0,0,1,M,0
90.33015348780609,8.04973873650787,0,1,1,M,0
32.12548978151113,3.3411265221110593,11,1,0,Other,3
92.23036100741041,8.13618487763712,1,1,1,M,0
70.9721705889376,6.882055631894967,3,0,1,Other,1
33.572918772257324,3.1233694059972823,3,1,1,Other,2
88.80913128012668,8.624832633521889,0,0,0,M,0
40.56318367425912,5.319704548928057,3,0,0,M,2
22.641792954746666,2.4707692200553066,8,1,1,M,3
90.86003830959866,6.68587005438153,1,0,0,F,1
82.50148263232333,5.886404623071762,0,1,1,M,1
89.33088517741979,8.31981320474895,0,0,0,F,0
67.53883517057274,5.3764608146972535,3,1,0,F,1
50.0,7.004857760959855,2,1,0,F,1
49.948245845564244,3.705049804927294,7,0,1,Other,3
99.98365445845893,8.28978057123824,1,1,1,F,0
95.0,6.512875950899923,3,0,1,F,1
47.50812894069756,3.6090584695177053,6,0,0,M,3
87.07425028311201,5.712549451428492,2,0,0,M,1
84.10848188442567,7.430285499454213,0,1,0,M,0
44.4136576698785,3.30780261348004,5,1,0,Other,3
49.73871701692341,3.1917315565673072,5,0,0,M,3
54.585229333122875,5.015720076109256,6,1,1,M,2
89.47058696031102,6.221555460241854,2,0,0,F,1
100.0,8.262253687643042,0,0,1,M,0
54.44711459762579,5.421237765921533,3,0,0,F,3
84.30377857622892,6.39273832781925,6,0,1,M,1
90.45244890813937,7.538556779052366,0,0,0,F,0
61.23956668426852,6.189268854506871,0,0,0,M,1
64.26384270862434,5.465954425577278,4,1,1,F,1
20.717566567995753,6.0,7,1,0,M,3
60.04446420956969,4.301952712734748,3,0,1,F,2
83.51763835962619,7.461877399840616,0,1,0,M,0
93.65387345569323,8.014554973288334,0,0,0,M,0
38.999152915257504,4.974689138278623,4,1,1,F,3
91.63997741857055,8.01945660345073,0,1,1,F,0
60.1234407280497,5.7345169801662665,3,1,1,F,2
60.837989587980616,3.5697152781850563,11,0,0,F,3
88.23933224755885,7.778732144053908,0,1,0,M,0
32.23231148286197,4.396818126981124,5,1,1,F,3
72.40385968654226,6.8851776201235895,3,0,1,F,1
53.225914012635755,3.3155685774328125,5,1,0,F,2
97.30722146121101,6.874111354690477,1,0,1,F,0
89.05377829531797,8.105804866397525,0,1,0,M,0
79.49815326556535,6.011244978187199,1,1,1,M,1
62.704926026404024,7.414899687382811,1,0,0,F,1
69.77587568568977,6.456834276555422,3,1,0,F,1
81.24184272469533,7.178586853523743,1,1,1,M,1
64.67967754838422,5.924715292514712,2,1,1,Other,1
43.605832337568984,3.8715874171686933,10,1,0,F,3
62.04054634272763,4.7135565766314516,4,1,0,F,2
8.522173376399746,3.1590794331397705,6,0,1,Other,3
86.78184852817185,6.261372394388488,2,1,0,F,1
94.70282358195607,7.248748271979552,0,0,1,F,0
62.63327950343918,4.9488114754971475,3,1,0,F,2
57.94079281949916,4.801397173894258,2,1,1,M,2
99.68615581214759,7.628903953001282,1,1,0,F,0
89.04674471247421,8.71888846995823,0,1,0,F,0
83.4891024656884,7.728252246033683,0,1,0,F,0
90.88286679226856,6.859631077314038,0,0,1,M,0
67.46710497924248,5.594261871964443,1,1,0,F,2
75.053228604517,6.063478243259448,3,1,1,F,1
85.7337832472059,7.4299195404368845,1,1,0,M,0
93.2529639391235,7.606717112447916,0,1,0,F,0
66.83206820729744,5.991698918119548,1,0,1,M,1
81.21135804321685,7.489688490243331,0,0,0,M,0
61.786359283547306,7.112039699912471,1,1,0,F,1
51.49786215817298,4.755457710958794,3,1,0,F,2
76.32407686855744,4.810481952709365,4,1,0,F,2
37.83798773850618,3.366397751214943,10,0,0,M,3
61.49578581944614,7.813995532732149,3,0,1,M,1
77.82625786373157,4.899231653962401,4,0,1,Other,2
37.7004442699273,5.157993052579587,8,1,1,F,3
48.518337311674195,3.125500047491218,10,1,0,M,3
70.30134750780428,5.555092811392999,0,0,1,F,1
30.0,5.4384701632657135,6,0,1,Other,2
94.13994088398529,7.685966958137313,0,1,0,F,0
70.36199558648565,5.02303454718402,2,1,1,F,1
29.138361653445656,3.938532588811713,13,0,1,F,3
85.55933073133174,7.916921079025133,0,1,1,Other,0
87.3286374330901,5.809061391824179,1,0,1,Other,1
41.09325219566984,2.9385701006105664,5,0,1,Other,3
78.02258218485461,7.214617974701731,5,1,0,M,1
58.36231545745976,5.598401810188719,4,0,0,F,2
68.45491700469061,4.450457200110626,6,0,0,M,2
99.38422305640835,8.383658620230614,1,1,0,M,0
43.529829393907235,4.707394624761975,4,1,0,M,2
53.27578209093359,6.216084897933497,3,0,0,F,2
46.144777040739,6.2287256393941055,4,0,1,F,2
88.25637463875782,7.920175846288991,2,0,0,F,0
87.85836088918447,8.701910696033279,0,0,0,F,0
85.93529452344836,7.831337418965747,0,0,0,M,0
90.37357551897801,6.981356739156309,2,0,0,M,1
75.78617669531788,6.317839958605815,2,1,0,M,1
64.08746434189452,6.1528614225920135,4,1,1,F,2
92.43486240392791,8.998648265373998,0,1,1,M,0
38.52047434096958,4.585578769772898,5,0,1,F,3
40.911476464666165,3.5427547948589084,7,1,0,F,3
17.515414809275352,4.063270254841242,14,0,0,M,3
41.7331925861516,4.264859509056122,6,1,0,F,3
42.283272239446184,5.113208100588848,3,0,1,M,3
61.75046373939119,4.951161611431274,3,0,0,M,2
94.99912123455147,7.970794378070659,0,0,1,Other,0
26.128986437498394,5.774685341587455,6,1,1,Other,3
42.32569384457462,4.94758956741454,6,1,1,F,3
48.40577553513075,5.094407802503299,2,0,1,F,2
62.43799772089246,5.360983508417466,7,0,1,F,2
35.65836697402146,6.656866079373292,1,0,0,M,2
53.96396984737495,5.847294928166548,3,1,1,F,2
36.253863243842865,2.5167787911038166,5,0,1,Other,3
71.06362528702955,6.468686946068493,2,1,1,F,1
89.37495484840211,7.65324691771386,0,1,0,F,0
90.79269845538357,8.623974992529716,0,0,1,M,0
91.82722032182039,8.065742908402726,1,0,1,F,0
57.825362084334245,4.330958864035263,6,1,0,M,2
83.23720927043792,7.350837691548385,3,1,1,F,1
47.39845261874156,4.331019724803501,4,1,0,F,3
86.80561075878329,7.846458390832711,0,1,0,M,0
69.14621498026956,6.678557430707431,2,1,0,M,1
94.31914006849094,8.17230245237518,0,1,0,M,0
66.44473547091424,8.5,2,0,1,F,1
74.49371886943008,6.528844246747134,2,1,1,F,1
88.41878703828209,8.217442135731824,0,1,0,F,0
71.6755746566023,6.142415808662889,3,1,0,F,1
41.86532776204914,4.293622475108821,1,0,0,M,2
86.6442986130171,7.83686899748848,0,1,0,M,0
91.11797774387341,7.495731979028446,0,0,1,F,0
29.878648901153714,4.7599414153808475,8,0,1,F,3
85.24988972544709,8.381463241168468,0,0,1,F,0
97.37974524026754,8.484498935137928,0,1,1,F,0
53.596389010087805,6.350396353174771,2,1,0,M,2
84.68792794070218,7.190064002804115,0,0,1,M,0
87.5791528333321,7.993957674605866,0,0,0,Other,0
45.595946430626924,3.2726791873214434,5,1,0,F,3
56.85303769755664,4.883471141442052,5,1,1,M,2
78.96408502207068,6.305332594908464,1,0,1,F,1
56.81331494591697,3.078517228318944,8,0,1,F,3
31.785646211694914,5.423818846944411,9,0,0,Other,3
50.18494788613649,4.25707519867493,7,1,0,F,3
61.6912274738651,5.930918182751873,3,1,1,F,1
91.5780250179517,8.274369409432063,0,1,1,F,0
63.30389997521173,6.1857856658037305,4,0,0,M,1
27.756711600691844,3.7637213645168113,6,0,1,M,3
91.57376120232496,5.625880172504602,2,1,0,M,1
36.47336277387778,3.0575314230784354,5,0,0,M,3
55.90237094253719,5.546564418403143,1,0,0,M,1
61.343510897332536,5.307543550095727,13,0,1,Other,2
43.867262360600336,5.543521939781281,7,0,0,M,2
66.44180947917441,5.0238005957270895,2,1,0,Other,2
81.58565114192098,7.964659809173964,0,0,1,F,0
70.37502234633187,4.919592930548641,0,1,1,M,2
87.88350843977923,8.910649425406554,0,1,1,M,0
58.809281798818354,5.516384947526128,0,0,0,F,1
92.40071701695805,7.9744014440917015,0,1,0,F,0
33.56580740988444,4.642562075088904,1,1,0,F,2
89.26235659879823,8.333286334304766,0,1,0,M,0
71.892800289978,4.811696005749608,7,1,1,Other,2
34.984730968151204,5.159016541990975,3,1,0,F,2
85.56385586030883,6.575008550987526,1,0,1,M,1
44.6515433274203,4.851938332455588,4,0,0,M,3
92.17211821772929,7.4828459741628,0,1,1,F,0
86.67245146355653,8.12383295055447,0,0,1,F,0
91.78435529574755,7.733273826417638,1,0,0,F,0
79.74913949484488,8.524586810720674,0,1,1,M,0
82.71422090072167,8.14820900040433,0,0,1,F,0
65.13759889483403,6.031223000349458,1,1,0,F,1
94.28987940628576,8.2742139604149,0,0,0,F,0
31.906905349356123,3.7259677371742814,4,0,0,F,3
40.67516163237022,5.7596491716142,6,0,1,Other,3
95.53144355029944,7.7393385406813575,1,1,0,F,0
94.1906328394719,7.443305979039076,0,1,0,M,0
70.52927408132135,7.256962355756002,3,0,0,F,1
82.52383732712678,7.81486539239519,4,1,0,M,1
93.17575473407202,7.797365367275334,0,1,0,M,0
92.28387618778706,6.795039017100063,0,1,0,M,0
45.99813527100359,2.160404507413791,6,1,1,F,3
25.471968992620376,2.9982612567279743,8,0,1,F,3
89.66202819625681,6.78902397665568,1,0,1,M,1
60.09602567347906,3.166151307493993,6,0,0,M,3
66.54679535022431,7.095602632701435,1,1,1,M,1
85.48536410956487,7.147173891992241,0,1,1,Other,0
100.0,7.8141416517071525,0,1,0,M,0
95.33611208285991,8.167920628466511,1,0,1,F,0
55.535513228344456,4.098981222602731,6,0,0,M,3
73.67898787186874,7.27420440405195,1,1,1,M,1
46.98046435852108,6.418231938472835,4,1,0,M,2
85.0137658619926,8.406300643876822,0,1,0,M,0
58.311196634932955,3.16246792556051,7,0,0,Other,3
64.68797931560415,7.0451808019847215,3,1,0,F,1
69.10473624785202,3.8825016725737713,3,0,1,M,2
88.21868014469287,8.63722360847062,0,1,0,F,0
94.64148495784242,8.154810040954583,0,0,1,Other,0
90.71212868035282,8.094921696418721,0,0,1,M,0
25.32652881815543,3.6973097680496387,8,1,1,F,3
61.74200136476415,3.939952293739717,4,0,1,F,2
72.34639891685745,6.6130672565076924,2,1,1,M,1
60.955155775668985,4.1315069544528455,7,0,0,F,3
47.588455900043655,3.3187823764078184,9,1,1,Other,3
5.034704557177093,3.136186780819671,6,1,1,Other,3
82.86199268652915,6.8775131870600115,1,1,1,M,1
66.4282359622257,5.171445137048953,1,1,0,M,1
91.38137089664276,6.749150077920173,0,1,0,M,0
86.72926779966102,8.079059542452555,1,0,0,F,0
39.718600608645545,4.8458283238165745,6,0,1,F,3
91.75878204199601,7.721904020575438,0,0,1,M,0
85.0,6.099926169174374,3,0,0,M,2
90.10926072761721,8.120822260838375,0,1,1,F,0
25.721133760092634,2.5973033713702893,10,0,0,M,3
83.71975499719008,6.263799172125678,1,1,1,F,1
84.14216685587328,7.5534346892075686,0,1,0,F,0
59.568255645702045,6.12316484284001,4,0,1,F,2
47.37622288302504,4.787669309614295,8,1,0,M,3
81.56332783020986,7.359465396577084,1,1,0,F,0
85.93113635876061,8.226166975321568,1,1,0,M,0
62.36523901045443,5.650428589510097,5,1,0,M,2
13.978674964079968,3.967986944836601,5,0,1,Other,3
95.57296222288689,8.191442868192524,0,1,1,M,0
83.74277678919064,7.157594295258726,0,0,0,F,1
21.267680023208747,5.13003994628947,7,1,1,F,3
32.40284327672272,3.814493601810279,8,1,1,M,3
91.52358539877216,8.681931114906956,0,0,0,Other,0
50.34602616549106,4.952265215551577,3,1,1,M,2
48.44001515436547,4.006033210034072,4,1,0,F,2
84.66572230342342,5.468484513447825,3,1,0,F,2
54.53129986991387,4.601446061252504,4,0,1,F,2
88.18473076717464,7.853110539923935,0,0,1,M,0
46.07655424848176,4.636912113316651,3,0,0,M,2
69.6648047431712,6.731363670011317,2,1,0,F,1
70.0,2.5235702020891546,8,0,1,F,3
49.588516437275416,3.4579830914266023,3,0,0,F,2
74.38982648971592,6.064976622695558,2,0,0,F,1
34.28283269408237,4.141437319219151,4,0,0,M,3
81.76483284377663,4.987623389730558,4,0,0,M,2
46.874218199352235,4.856308976955518,6,1,1,M,3
61.54850794304682,4.72973013491979,3,0,0,M,2
92.60583627866056,7.688896277352641,0,0,1,M,0
32.956502335414356,3.4329010269972096,11,1,0,F,3
65.14563861400693,6.497787740509162,3,1,0,Other,2
75.17735816460042,5.622347376022034,4,0,0,F,2
85.33191159995062,7.681692358448882,0,0,1,M,0
70.72435635407875,5.158228889764446,2,1,0,M,1
85.0,4.788796406185763,2,0,0,F,2
74.9888027800211,6.590586675827108,1,1,1,F,1
90.81376532552503,8.025571029276081,1,0,0,M,0
70.98745060680176,6.301130696247452,2,1,0,F,1
56.96911154410557,4.195558447284063,5,0,1,F,2
84.57805963883317,7.251680655048337,1,0,0,M,0
87.92321369910158,7.928998392796239,0,1,1,Other,0
53.55757040555041,5.502519422206251,0,0,1,M,2
94.20910033445031,8.03150118416735,0,1,0,F,0
53.559143275880366,4.970923101066476,6,0,0,M,2
56.71661934354451,3.000055420734083,4,0,0,F,2
49.631924442767755,4.673666937788736,2,0,1,M,3
56.68501937743206,4.823620333930945,4,0,1,F,2
24.996937000213364,3.851527931593034,6,1,1,M,3
47.55927783889578,4.524883736835412,3,0,1,Other,2
85.7347803621321,8.232540104750154,0,1,0,F,0
91.91688556591235,6.5,0,1,0,M,0
86.00370680697223,6.091904281435153,2,0,0,F,1
93.88668788030873,8.568024341777715,1,1,0,F,0
95.0,7.494753156648849,2,1,1,F,1
82.93617058053817,7.148003568694812,0,1,0,Other,0
70.14603797085877,7.508568818602984,1,1,1,Other,1
95.0,6.85749556444946,3,0,1,Other,1
30.617323873956778,4.103096032509804,7,1,0,F,3
77.8852993692063,4.371753925891413,6,1,1,M,2
91.56954105728776,8.808437199249305,0,1,0,M,0
44.200302856103875,5.806440210288474,2,0,0,F,2
54.91641954604832,2.846216259479469,8,1,0,Other,3
47.296352784555644,4.742681321086428,8,0,1,F,2
77.0085029727593,6.313522047365244,0,1,1,Other,1
89.10161995301937,5.866244351122718,3,1,0,F,1
73.83733354689635,6.698734200822831,1,1,0,F,1
40.963196079419625,3.37917845313691,7,0,0,M,3
53.718304580141876,7.523259417283113,2,0,0,F,1
82.79869612522776,6.031003432185244,1,0,0,F,1
73.44866868819406,6.889631665974288,4,0,1,M,1
84.99853150870841,4.271274228640035,7,0,0,Other,2
85.65977629743135,7.413159587980886,1,0,1,F,1
72.90762481534634,4.991309002641443,3,0,0,F,2
48.17546395116143,4.737806066666589,4,1,1,M,2
51.58528808842278,5.051107380402665,1,1,0,Other,2
43.40686072688609,6.783836092155977,2,0,0,F,2
94.28396991283263,8.362141338728113,0,1,1,M,0
76.13875194142013,7.176290776702874,2,1,0,M,1
36.118126756186506,5.942641906426033,4,1,1,F,3
91.35171619640863,8.212482948718074,0,1,1,Other,0
74.24228523540175,5.307130262046816,2,0,1,F,1
80.72242420187274,6.587288094355943,2,1,1,F,1
77.9891815258415,6.280792242764203,4,0,1,M,1
67.28079812894072,5.606525009419679,1,1,0,F,2
70.58308205827005,6.35191737784363,1,1,0,F,1
38.51352112197823,3.342418998724395,9,1,0,F,3
59.73949848134757,4.835814262450106,8,0,0,F,2
44.35635836944048,2.991985063396301,5,1,1,F,3
55.49525919695723,4.423721570112521,5,0,1,F,2
27.355602012311635,3.3521974416168825,6,1,1,M,3
77.82187613925424,6.21282009963962,7,0,0,Other,2
66.5814847514413,3.717395148522299,9,1,1,M,3
62.758977730855605,5.203258223016789,5,0,0,M,3
59.243939809958675,4.1867915024746445,1,0,1,M,2
74.46697131008845,6.287758868302652,0,0,1,F,1
88.45326730139881,8.181727168919537,0,0,1,F,0
80.09621600089673,5.44218280071981,5,0,0,M,2
69.39551190205627,6.779287330491642,2,0,1,F,1
53.142605148860824,5.479861420368521,3,1,0,M,2
78.31541695133693,7.651011197163584,0,0,0,F,1
35.09719005101525,5.038348004249329,6,0,1,F,3
97.47470655617198,7.483868664711082,0,0,0,F,0
88.88888651450614,7.031580979689908,0,0,0,F,0
75.6601258661571,5.498913679689321,3,1,0,M,2
54.55271736995179,6.959772968704097,5,0,1,M,1
22.124163353699196,4.467678377307108,11,1,1,F,3
80.4387700411218,6.471760329426191,2,1,1,F,1
36.70423055283191,3.892701258393176,5,0,0,M,2
66.66737408462754,7.366712211042895,2,0,0,M,1
26.07888057796327,3.0754002580657693,7,1,1,Other,3
92.95453161396678,8.425642787422394,0,0,0,M,0
92.19818303008496,8.622473689323222,0,0,0,F,0
62.916210736178314,4.124242890375303,5,0,0,F,2
74.10269230088382,6.150743715026638,1,1,0,F,1
78.57364972155673,5.7259153724935175,2,1,1,F,1
32.38038644137725,3.02021132800213,9,1,1,Other,3
88.30370758057992,7.479206183689364,0,0,1,F,0
69.40326113156759,4.8459787443813935,7,0,1,M,2
47.83008369431745,4.326014365945019,2,0,1,F,2
50.05166042308152,3.5433410186076104,8,0,1,M,3
95.0,7.136411721549713,3,0,0,F,1
87.7250825982961,7.643062587981758,0,1,1,F,0
46.462239154895194,4.97408697857485,3,0,1,F,2
85.8775939215438,6.802869847549764,0,0,1,M,0
68.56438875049352,6.606078557035686,3,0,1,M,1
93.32692554486393,7.388812843730048,0,1,1,F,0
32.93058431454401,3.143337945038411,3,0,1,M,3
45.58176640897534,3.683013048824016,5,0,1,M,2
74.72566645816276,5.511151284179145,0,0,0,M,1
71.72356980514455,4.5069143573879105,6,0,0,F,2
33.598535165071965,4.0393130123027525,8,1,1,F,3
49.55361632724701,3.6077443477324627,10,0,1,Other,2
56.827611677839194,5.313999149601291,7,1,1,F,2
33.47277878120604,4.312373286920075,6,0,0,M,3
27.99453158362175,3.8854776134108873,6,1,1,M,3
82.52469584886397,8.41187656593809,0,0,0,M,0
95.77656018053348,8.91869333774376,0,1,1,M,0
40.069597490375,4.677540911195084,4,0,1,F,2
92.06366305797994,8.129114411661348,0,0,1,M,0
42.582560107520735,3.622438984362719,4,0,1,F,2
47.94918568643755,5.117500138497455,2,1,0,F,2
48.31054329571786,3.8662559176938665,5,0,1,M,3
80.7185918263671,6.369269305636953,2,0,1,F,1
89.79618736932284,6.717627829089716,0,0,0,M,0
54.59473634608976,4.839091057726704,3,0,1,F,2
66.56351418019246,4.788182583276213,2,0,1,F,2
56.209989980162106,5.8975288552593,3,0,0,F,2
31.69827229823254,4.763309175502494,6,0,0,F,3
83.19447572617898,6.337987241617847,0,0,1,F,1
91.83265703618615,8.739637255337115,1,0,1,F,0
74.28001407560211,5.930081012609721,1,1,0,F,1
64.24500574046994,5.47284278051398,4,1,0,F,2
62.70140072446083,6.0008875858497435,3,0,0,F,2
79.85198231477708,6.527519146217007,0,0,1,M,1
80.5433000463239,6.32722334314189,1,0,1,F,1
57.23632361153779,6.680772330898058,0,1,0,F,1
86.35458081128196,8.139071863227313,0,0,0,F,0
82.52872167148881,7.294692312157232,6,0,1,F,1
28.262927112173628,3.5878933273063947,4,1,0,M,3
59.14168061419624,6.0,7,0,0,M,3
56.564239118558234,4.433981363196843,2,0,0,F,2
73.11445941711254,4.561789097322501,2,0,0,F,2
64.6237914176819,3.894694940851938,4,1,0,F,2
29.17765529133588,3.608176709752459,10,0,0,F,3
62.74608200530892,5.990842581538608,1,0,1,M,1
60.40989532248947,4.681763675339542,1,0,0,F,2
64.67768064646226,6.257115997560616,2,0,1,M,2
94.20154068728698,7.157201341307596,0,0,0,F,0
41.70941618255869,5.874346369880142,4,0,1,M,3
74.79293635893767,6.074232189463899,1,0,0,F,1
59.75405325392603,4.855021248966473,11,1,1,F,2
83.54406796610698,4.546401331247006,7,0,0,M,2
67.1574149108482,5.0037495827435885,1,1,1,F,1
78.57128676271321,6.74635153957306,1,1,1,F,1
72.31118557896272,4.082186806830829,3,1,1,M,2
43.53869330650838,4.8969931394162645,6,1,1,M,2
57.327121992922656,5.224256872145983,6,1,0,M,3
40.830868546001255,3.6962911276125636,6,0,1,Other,2
85.28053565399183,5.41829003812987,1,0,0,F,1
21.32026736424791,4.5198037535556335,8,1,1,F,3
57.330381018699455,6.044037996952714,0,1,0,F,1
59.59265503735918,5.375620227193233,1,0,1,Other,1
65.18090154049197,7.183192964871089,3,0,1,F,1
90.34690567566389,7.64394897906053,0,0,0,Other,0
92.3576926127257,8.170395704001052,0,0,0,Other,0
93.45242677033885,7.272588757371105,0,1,1,M,0
23.01814856605717,3.8512654092327927,8,1,1,F,3
88.2860692456781,8.144679578478556,0,0,0,M,0
90.69120716029342,8.524669805271703,0,0,1,F,0
97.89545628205218,9.191301141342036,0,1,1,M,0
40.311184676558106,4.478472729584144,5,1,1,M,2
38.89967808134838,3.7841202012720796,13,1,1,M,3
79.33081123697252,5.869669751401947,2,1,0,F,2
67.6971958168046,3.0,6,1,1,F,2
72.78403830001898,5.451372157226268,0,0,1,F,1
88.32557485007112,8.167147564248857,0,1,0,F,0
60.61865475989951,4.71693596994607,4,0,1,M,2
76.84366707175664,6.34056411809306,1,0,1,F,1
63.18508854767529,5.497001288716045,8,1,0,M,2
39.843028085343065,4.21677479669281,5,1,1,F,3
95.95571476544433,8.030192964212208,0,1,1,M,0
89.43026271172562,7.730614341191129,0,0,0,Other,0
54.47833943459654,5.578363068903497,9,1,1,F,3
73.33224265998014,7.110644075973238,1,0,0,M,1
36.10901109246263,3.5094774969073272,7,1,1,F,3
47.972306800192825,5.548039170920411,9,1,0,F,2
76.70508186019649,6.381087861494183,2,1,1,F,1
9.658365679381667,3.8355041359270796,8,0,0,F,3
75.0917324818213,7.13707104645784,2,0,0,Other,1
89.102403933587,7.877119249993549,1,0,0,F,0
70.37478616057174,7.653678513276716,2,1,0,F,1
95.38120078733192,7.7579849342136615,1,0,0,F,0
58.83040599835054,5.73547237103913,1,1,0,F,1
69.32277856747298,6.679644066757071,2,0,1,M,1
11.933196057633953,5.152292491749911,8,0,0,M,3
55.45278097902253,3.995456643206549,6,0,1,M,3
75.0720706037637,7.261218234103925,0,1,1,M,1
86.60867779922411,8.277791044325063,0,0,0,M,0
67.72791214237482,5.936053123375724,4,0,1,F,2
93.87923971529466,5.084287060769564,4,0,0,M,1
63.02081414919505,2.7702046760336136,5,0,1,M,3
83.35376993902231,6.285658544719917,1,1,1,Other,1
90.36064753856935,7.596700547846313,0,0,1,M,0
96.63843066133846,8.264706703562862,0,1,1,F,0
20.49660482299961,2.8453193364950695,10,1,0,F,3
63.616732730390574,6.323094381198859,3,1,1,M,1
62.20503204086102,5.504563763701907,1,1,1,F,1
29.75101137714214,2.9223718429004215,11,0,0,M,3
92.23265588014972,8.805558074249811,0,0,0,F,0
67.4478058058298,5.604522219477314,2,0,0,M,1
46.98497053417532,5.626335702215677,6,1,1,M,3
42.0855255984053,4.526218647952324,6,1,1,M,3
75.75399543146062,5.360370450234152,1,0,0,M,1
80.04594002438002,8.065382093955773,0,1,1,F,0
78.61412559470713,5.4200576326896535,5,1,0,M,2
53.28957031529136,4.421332272374214,7,0,1,M,2
93.88895967714474,7.851338318651182,0,0,1,M,0
93.80066542687926,7.661991347159316,0,0,0,M,0
84.4478465779276,8.005722719545734,0,1,0,F,0
56.37983068642985,3.83985650383179,3,0,1,F,2
71.86005289453824,3.5516434365133502,5,1,1,F,2
21.87588640860919,3.227841911091095,6,1,0,M,3
80.55912031299442,7.172765440284151,2,0,0,F,1
47.966289372080126,3.951377514746726,5,0,0,F,3
34.02206050636459,6.0,6,0,1,M,3
95.0,5.707609491946127,1,0,0,F,1
89.21626978082209,6.570118746595432,0,1,1,M,1
84.07528116791488,7.8381041478567,0,0,0,M,0
90.4523215169656,7.122542377640644,3,0,0,F,1
55.69048498827044,5.17180868071503,5,0,1,F,3
88.1192196438495,8.427509662148639,0,1,0,F,0
83.91719925309437,7.552826976961236,0,1,1,F,0
50.59373082635981,5.7694229060146025,7,1,0,M,3
42.93925510261561,5.086149055595976,2,1,0,M,2
89.11316985876712,6.134433064320246,6,1,0,F,1
59.256393443586205,4.567877156742022,5,1,0,F,2
68.45294002267318,6.379115062499089,1,0,0,F,2
66.7810822845696,6.258390192929971,0,0,1,M,1
58.75705060346606,0.9742750981174151,10,0,0,F,3
68.79178614319412,6.6243137818465145,2,0,0,M,1
69.13380659767584,4.206759749940244,9,1,0,M,2
37.83492496895636,5.411827389569928,4,0,0,F,2
62.46790705063207,4.649763601302507,2,0,0,F,2
33.807253776966235,4.697593051888254,9,1,0,F,3
73.03501579601893,6.592258898907574,1,0,0,M,1
96.11270669337016,8.667892168160117,0,1,1,M,0
91.17200446349348,8.168291563302718,0,1,0,F,0
75.06458953089313,5.263922305275169,8,0,1,M,2
66.76078605195296,5.923908248580546,2,1,1,M,2
54.49222046498019,3.1514710857300723,7,1,1,M,3
78.5435524570095,8.952530107032235,0,0,0,M,0
92.37348544231601,8.22416203298658,2,1,1,F,0
90.9266282470769,8.30840709984489,0,1,1,F,0
96.68699053721372,8.34287451763733,0,1,1,F,0
95.0,7.255520959502484,2,1,0,F,1
58.333058247538794,4.130211742729317,4,1,0,M,2
43.66933961671422,2.941109806884711,8,0,1,M,3
43.17484804748682,4.801909573500459,5,0,0,F,2
70.0,3.1246936195602784,5,1,1,F,3
89.60140894546801,7.174120425910367,0,1,0,M,0
55.260032744421906,4.961826385463656,7,1,0,F,2
50.313074334487006,4.812571438138108,1,1,1,F,2
53.7512185032206,4.994050922683528,7,1,1,M,2
22.913136711424002,2.7825231471378937,4,1,1,Other,3
68.92328400119621,4.38389753388745,1,1,0,F,2
80.01085432622466,6.109980631062831,2,1,1,M,1
50.32616580833178,4.896827573899282,6,1,1,M,3
77.2946036445843,6.5549150915445376,1,0,1,M,1
87.56846045463334,7.448129651108997,0,0,1,M,0
68.63130284304385,4.191196965028073,4,1,0,M,2
54.339979084601836,3.0848253096266824,8,0,1,M,3
70.0,1.7076986253748165,4,0,0,M,3
52.57172378389566,6.074226436960618,2,1,0,M,1
71.00451058411572,5.886758375122595,2,1,1,F,1
70.50516570230296,5.780047031341112,4,1,1,F,1
60.437324709915714,5.463947073383427,5,1,1,F,2
52.21898250037913,6.105861956717172,2,0,1,F,2
38.34974813866309,5.260872505083503,9,0,1,F,3
52.04577333435954,6.46504025646192,6,1,1,F,2
92.15150679478776,8.165520077498098,0,1,1,F,0
73.43578520856701,6.760627892042214,2,1,0,F,1
51.34725462241449,4.497249919054293,7,1,1,F,2
68.53756381881057,5.228164741092606,8,0,0,M,2
76.41656697391026,6.149567297807943,1,0,0,M,1
55.86220265171074,7.90927251835622,2,1,0,M,1
64.13965446965852,7.201283778684585,1,1,1,M,1
23.344839605535768,3.766111807896036,3,0,0,F,3
0.0,4.1051578845226055,5,0,1,F,3
33.83729604851179,3.0191419429629813,7,1,1,F,3
54.20209733643232,5.883346705735755,4,0,1,F,2
61.77804033912551,6.937648351405626,3,0,0,M,1
91.16338105677352,8.3569100682412,0,0,1,Other,0
93.42150658568264,6.909673271951199,0,0,0,M,1
40.24752636121632,3.652278104823754,8,1,1,F,3
58.1004099186033,4.234444520808717,6,0,0,F,2
90.7592028854539,6.580591957255467,3,1,0,M,1
88.80322186263489,8.725589424510533,0,0,1,F,0
66.68477227333624,6.681679235900077,2,1,0,M,1
70.0,5.903467608625556,9,0,1,M,3
87.8992969861824,6.559759967121812,2,1,1,Other,1
94.2219259524266,7.9767063648303305,1,0,0,M,0
90.26577673788934,7.36007952117999,0,0,0,F,0
81.47574103061686,5.9031148197556265,1,1,0,F,1
90.0123586382721,6.528235483888284,3,0,1,M,1
63.0088287385477,6.8454023917285864,5,1,0,M,1
72.05431245338389,7.858606857427308,0,1,1,M,1
94.35714388974095,8.101694120309972,0,1,0,F,0
49.87373909754794,4.367689077054221,6,1,0,M,2
34.37884170540484,3.4916036126331944,6,0,0,F,3
57.746457379922965,6.630236990556532,2,0,1,F,1
78.04435522813816,5.579479626123573,3,1,1,Other,1
66.10209673702802,6.615928505162856,1,0,0,M,1
60.791694037272045,4.130943553694817,8,0,1,M,2
45.2171302325887,5.384105846505923,5,0,0,M,3
80.24482405673082,6.517735581079174,0,0,1,M,0
62.11551145315751,5.199336401030544,1,0,0,F,2
33.22366115390768,4.257275915090875,6,0,1,F,3
87.22336390590492,8.318453141686105,1,1,1,M,0
27.765528495301723,3.422521313771207,10,0,1,F,3
42.459354901635834,3.878952357337689,10,1,0,M,3
96.60330827764083,8.60015312912966,0,1,0,F,0
65.25021256040537,5.568920125547619,6,0,1,M,2
59.28304585247468,4.9683338280220415,2,1,0,M,2
68.55544235117284,5.815091383970996,1,1,0,F,1
66.9516928568714,3.6358356296655927,6,1,0,F,3
89.69337827085576,8.643665555802533,1,0,1,F,0
38.59530134286534,4.089388812579829,2,1,0,Other,2
36.19991384121753,3.367884707060304,6,1,1,F,3
92.1949657936915,7.7480211292946946,0,1,0,M,0
90.78524283722672,7.804768025268595,0,1,1,M,0
44.23646269195004,5.065224223385192,2,1,0,M,2
70.14810442143987,3.785307881968007,5,0,1,F,2
64.91691113725739,6.4639025123666505,0,1,0,M,1
91.44559699344993,8.19251896882805,0,1,1,F,0
35.12735206942208,5.642817667848469,7,1,1,M,3
70.7949165656311,6.378077806445161,2,1,0,F,1
84.12152395976779,7.359876057834069,1,0,1,M,1
74.26019904726418,5.505852272374037,7,0,0,F,2
46.78491815026521,5.332532775946494,3,1,0,F,2
68.8326736048605,5.062112461221735,1,0,0,F,2
91.73854226225478,7.858602125426215,0,0,0,F,0
70.25487066380961,6.786825853736302,0,1,0,M,1
88.92070920974255,5.693884526614431,0,1,1,M,1
86.47663368565058,7.23217896503694,0,0,1,F,0
77.86891118292604,6.040459725226893,0,1,1,F,1
93.9117517120883,7.759379438067294,0,1,0,F,0
89.75037044506874,8.814468473811996,0,1,1,F,0
84.67725386779473,7.257015328739972,1,0,1,F,1
95.64486146360446,8.31873545132556,0,1,1,F,0
77.21982777676271,6.56265629983467,3,0,0,M,1
46.241607224255695,2.71269780151969,2,1,0,F,3
52.64964502101334,6.2493561313001775,1,1,1,F,1
26.074663137645764,3.2073725653548397,7,1,0,F,3
94.14759521012036,7.361491777514886,0,0,0,F,0
55.26317323591398,6.373138275817309,2,1,1,M,1
77.11460152363917,6.882278281624713,1,0,0,M,1
68.35413327741404,5.472215368091807,0,1,1,F,1
43.04354996609815,4.537194145981632,7,0,0,F,3
64.16016898492451,4.76762946068764,3,1,1,Other,2
30.0,5.649407278783487,3,1,1,M,2
83.56288709362984,8.465419113175265,0,0,0,F,0
66.14275094459092,4.820214596629342,5,0,0,M,2
72.2042616770183,4.580653674995998,4,0,0,F,2
56.5645258254129,6.321385077484982,2,0,0,M,1
18.16556511393853,4.551628062090339,6,0,0,F,3
93.32792618156715,7.758604920637677,1,0,1,F,0
89.7310872459084,8.293629583401396,0,1,0,F,0
80.2284376074903,7.23426700645301,2,1,1,M,1
67.49275381734887,7.847508961215096,4,0,0,M,1
34.1327174569974,6.245515680077946,1,1,1,M,2
82.06532512897827,6.456939024276754,1,0,1,F,1
80.76708361543402,6.27162942286332,2,0,1,Other,1
50.86785391030841,3.1188187905138824,7,0,1,F,3
69.14081789548415,5.956467914296145,4,1,0,M,1
38.891908486883565,3.049010881133875,12,1,0,Other,3
85.205586995855,7.6558138588846205,0,0,0,M,0
84.05618472838574,8.68132131990167,0,1,1,F,0
81.13082863353128,5.198045587751035,5,0,0,F,2
54.05701655767613,5.5285383304018,2,1,1,M,2
66.18017528203701,3.440741180130251,7,1,0,Other,3
76.18664169723996,7.253006077245934,1,0,0,M,1
77.5649197844354,7.002143920326074,1,1,0,F,1
37.523161549910654,5.0577087038646145,7,0,0,M,3
98.61832860391648,8.1570386119349,0,1,0,F,0
85.0,4.953569177675364,2,0,0,F,2
62.41193540315663,6.890303089977372,3,1,1,M,1
28.38800587225923,4.182729085544308,7,0,1,F,3
56.378357933419935,4.914652384073935,6,1,1,M,3
74.3668014028904,6.560377685357504,1,0,0,M,1
96.53000870853413,8.408387933600395,0,0,0,Other,0
82.33069297541931,7.458150586320969,1,0,0,M,0
80.84296957892438,8.383411435892121,0,0,1,F,0
31.206207140863327,2.4673255431528855,9,1,1,F,3
36.07874051529598,4.396930328005616,7,1,1,F,3
23.672682645598126,2.393728101054416,10,0,0,F,3
13.791739940128576,5.249229533720119,10,1,1,M,3
77.0470668602053,7.236851092330893,4,1,0,M,1
40.56807444384967,3.4861098710590404,6,0,0,M,3
66.52568697501488,4.087027803551342,6,1,1,Other,2
95.31925766367179,8.552339607701265,0,1,0,Other,0
94.91369755511529,8.08869805731847,0,1,0,F,0
74.5574790055856,4.676114934126522,4,0,0,F,2
54.270976543107494,4.921997416866595,3,0,1,M,2
91.8437539204125,8.334163009053999,0,0,0,M,0
54.5116069020686,4.027881041500014,7,1,1,F,3
85.0,3.7532661762264987,2,0,1,M,2
21.86343139567092,4.999929471318687,7,1,1,F,3
74.44314947350006,6.536282469294993,2,1,0,M,1
28.183016670599898,3.0358819609816776,5,0,0,F,3
85.1951091766463,6.839585791208707,2,0,0,F,1
50.064899431706344,5.066812026266753,6,1,1,F,3
54.222719725313894,4.9773493314781865,8,0,1,M,2
54.59688809576865,4.62308573351585,8,0,1,M,3
50.75099511558132,2.0626148850970463,6,1,0,Other,3
71.26486002819153,6.0456581728711045,3,0,1,M,1
31.176739724560758,4.702141852304156,11,1,1,M,3
92.27210169107181,8.447106664256705,1,0,1,F,0
86.40812789361381,6.031763461997606,2,1,0,M,1
55.85397671873191,4.345536624995745,13,1,0,M,3
91.14114165069452,8.730589433360164,0,1,0,F,0
92.66154592776674,8.727522788135357,0,1,0,M,0
48.79695208545703,2.9543084991104434,8,0,0,M,3
84.65123794355155,7.95606162879219,0,1,1,M,0
42.10788470280361,3.391732425287502,5,0,1,F,3
69.68516538785954,4.194369420571912,5,0,0,M,2
88.56308319225413,7.440232062364737,0,1,1,M,0
85.79921761518736,8.573906330366782,0,0,1,F,0
73.92466255733936,6.303041005666009,3,0,1,M,1
60.56371435559397,4.8898308473755465,8,1,0,M,2
80.53707358718988,4.5314307768086515,2,0,1,M,2
85.18954441829186,8.017305937092628,0,1,0,M,0
24.872550620400393,2.6214016123113186,6,1,0,M,3
45.57388624217955,4.352112066715166,3,0,0,M,3
73.36235895877799,6.23596498764765,1,0,1,M,1
67.6077386836387,4.543687391033018,9,1,0,Other,3
71.29289615526895,6.085614834589014,2,0,0,M,1
48.01731932241375,2.7968396941392513,3,1,0,M,3
62.750194017410074,5.6554727361395525,5,0,0,F,2
69.38088273657381,5.407720610565024,3,0,1,M,2
45.94692017155912,4.697329572380878,7,1,0,M,2
47.817636277207825,1.6444046456139363,6,1,0,M,3
49.02582058908452,5.512483446664403,6,0,0,F,3
59.049551508143864,6.414740262811076,6,0,1,M,2
45.24176834926211,2.2951348658624755,10,0,0,F,3
80.1151370191919,6.483603928559429,2,0,0,F,1
50.953854424252754,4.2173216274810486,7,0,1,Other,3
85.17441618883814,7.154018675415118,1,0,0,M,0
66.1019601065159,6.392176678396893,2,1,0,M,1
81.16190772671692,5.33842877978432,1,1,1,F,2
75.20037290866311,7.669784859994273,1,1,0,M,1
64.51425765507838,4.3922803295791,6,0,0,M,3
67.63726883461665,5.5331852479564585,1,1,0,F,1
71.65879266619692,6.9162831479591285,0,0,0,F,1
81.62658527647821,8.833943805559759,0,0,1,M,0
70.0,2.6622350738035188,3,1,0,F,3
51.872622579197795,3.676008962468828,8,0,1,M,3
66.77297976920899,5.70636028220619,3,1,0,M,1
80.9077661543548,5.17831933040307,3,1,1,M,2
70.84877939160312,3.470547872198796,1,0,1,M,2
37.71287125987621,3.7573876201859524,6,0,1,F,3
93.68757784233543,7.68620623178154,0,0,0,M,0
56.2227366009841,6.710539576388166,4,1,0,M,2
60.8750987006056,4.525676788536582,6,1,1,F,2
70.35619607804551,7.183665758984691,0,0,0,F,1
55.21133687064647,6.0,7,1,1,M,3
57.429065479549074,4.134640225853664,4,0,1,M,2
88.4016439182135,9.017536651365534,0,1,0,M,0
84.82173123587094,7.912913633097521,0,0,0,F,0
88.03129413887714,8.794138053574631,0,0,0,M,0
31.930271092662917,5.170070990386582,9,0,1,F,3
83.90593469788186,8.279274479637111,0,0,1,M,0
46.344711075352386,3.7914010019666344,11,0,1,M,3
62.6258324525616,5.306535218124954,4,1,0,F,2
3.5297716313408216,3.7852791313991365,4,0,0,M,3
89.91599421247855,7.720213856975255,0,1,0,F,0
57.52080887319004,4.72678894849488,3,0,1,F,2
55.62113511590394,3.71269461765989,10,0,1,M,3
70.25607703789565,6.016857496688114,5,0,1,F,2
99.75506280063149,8.238764668633397,0,1,1,M,0
85.06571460785881,9.024377825431642,0,1,0,M,0
37.53958216320676,6.536720657668817,3,0,1,F,2
73.04377669192311,7.182326270560607,3,0,0,F,1
46.58468325402738,4.630153419428319,5,1,0,M,3
89.09906217275028,7.453720770800149,4,1,0,Other,1
29.743485367715756,4.0024647610997075,6,1,1,F,3
26.136108837750296,4.889987032566834,6,0,1,F,3
73.86646002160192,6.116158123494487,3,0,0,Other,1
79.68380861597629,8.182737236321417,0,0,1,Other,0
44.78264560210683,2.6211912672197726,9,1,1,M,3
91.16084944813127,8.370007118152168,0,1,1,M,0
37.64873065775136,4.343369005734817,8,0,0,M,3
49.706639976097826,4.50174333078174,6,0,1,F,2
54.78049801036626,4.179134399254948,6,1,1,F,2
89.20682581480656,8.923912506478022,0,1,1,M,0
88.57818080979952,8.111561009203083,0,1,0,F,0
65.95192496785577,5.859796605170854,3,1,1,F,1
45.10924187013173,3.118884416799559,6,1,1,M,3
55.887425976127886,3.662396249323523,6,0,0,M,3
71.70790601640992,7.386042447616589,3,0,0,F,1
25.52124221902696,2.033380475111125,6,1,1,F,3
84.8724735298341,6.74972940321585,3,1,0,F,1
85.74231405407116,7.848690120264776,0,1,1,F,0
31.317674176197606,4.396143584340781,10,0,0,M,3
77.37255579928885,5.561252377552375,10,0,0,F,2
86.93951600470096,8.30762838348428,1,0,1,F,0
40.961107583805614,2.5943126301820874,7,1,0,M,3
36.76582757575906,2.686075299762587,7,0,0,F,3
94.1026423770871,7.926278755040916,0,0,1,M,0
87.59705852880406,6.623934543256938,4,0,1,F,1
69.95450999921326,2.756419407460137,9,0,1,Other,3
86.6009284664355,6.735869673242133,1,1,1,F,1
57.06975697077998,6.419345778803015,3,0,0,F,2
79.63508282004354,7.945136274152855,0,0,0,F,0
53.6114658084092,4.955977626887763,4,0,0,Other,2
90.91617218610953,8.395400860589495,0,1,1,M,0
77.42505758447177,5.46619715252648,5,0,0,Other,2
44.08381598340787,4.014442222332638,0,0,0,M,2
88.99136381696087,6.418937543019764,4,1,0,F,1
91.33855731171919,8.08598016621853,0,0,1,M,0
77.30672302380626,6.841593959563211,1,0,0,F,1
31.88239579718727,1.9237043765083368,6,0,1,F,3
79.35253957171064,5.666759558282141,2,1,1,F,1
88.02697438570205,7.518180777815598,0,1,0,F,0
47.83982216296631,4.183062356972285,6,0,1,F,3
74.67525676082545,7.155480291910253,3,0,0,M,1
91.31374612573569,7.348673941582768,1,0,0,Other,0
77.16670779534351,8.195632329966617,0,0,1,M,0
53.799832683271966,2.385980567056058,6,1,0,M,3
89.10194293084271,8.19484585266,0,0,0,M,0
91.09998341985883,8.1344567238393,0,0,0,F,0
62.9313393873109,4.486058656233251,4,0,1,M,2
90.45292453450872,7.484593139864423,0,0,0,F,0
49.14656128444746,3.878839081820656,3,1,1,F,2
77.24289399416925,6.419265503634865,1,1,1,F,1
84.5160721077268,8.898797261217158,0,0,1,F,0
57.011583528674365,5.0313823422094055,6,1,1,F,2
41.74655395875299,3.4046275715350864,5,1,0,Other,3
23.071237725742737,4.320614727185018,3,1,0,F,3
52.470120551624305,5.074123510234106,5,0,0,F,3
47.806311239505895,4.202172496988074,5,1,0,M,3
72.02051064017806,4.128593503889359,5,0,1,Other,2
52.96613279003116,4.821937798245668,5,0,0,F,3
82.97190490324539,4.926113434529697,3,1,0,M,2
81.99361031440573,7.453338071056309,0,1,0,F,0
24.73128181516985,2.9898423262886915,5,0,0,Other,3
91.42660293436234,7.887582210101913,3,1,1,F,1
8.137619987217462,6.0,8,1,0,Other,3
86.52028694164649,7.488859859176335,0,0,0,F,0
73.30449284299556,6.456077321221927,1,0,1,F,1
84.80007946879752,8.447592490985842,0,0,0,M,0
87.02925022151602,7.28813278230047,0,0,1,F,0
78.84768544204992,5.981638925649216,2,1,1,F,1
45.27406283540049,2.0295667961965824,9,1,1,F,3
74.0411639743403,6.265547573908475,2,1,0,M,1
59.31193395772708,3.9350190190095207,6,0,0,Other,3
48.713580482946576,4.465402827311586,8,0,0,F,3
31.188235521863206,3.3417106093738957,7,0,0,M,3
63.88168900190806,5.000837748866029,5,1,0,F,2
68.21945467986009,4.610862101440617,7,1,1,F,2
64.91820765358464,4.052934074053542,9,1,0,Other,3
48.197034036878264,6.237289128610859,2,0,1,M,2
39.05366570974586,4.531618200803374,7,1,0,F,3
91.64331001141241,8.443196979783977,0,1,1,M,0
70.0,5.5860829917212005,11,0,0,Other,3
63.68892919792828,5.5758623847451,3,1,0,M,2
44.53320195369992,4.932174377240884,10,0,1,M,3
60.28637305427498,5.3678642451718614,10,1,0,F,2
34.61189962521783,3.441158033071873,8,0,0,F,3
33.17345182207965,0.9171948570511868,5,1,0,M,3
61.11158670875841,4.40813008297571,3,1,0,F,3
55.8427649737788,5.38493927093963,6,0,0,Other,2
82.49765553658123,6.630084204263241,1,1,1,M,1
36.90964473076083,5.335382697700126,12,1,1,F,3
56.42510022857628,3.1460573998339996,5,0,0,M,2
46.878575322714426,5.768787258698657,5,0,1,M,3
44.30580272459105,3.4691463925227572,3,1,1,F,3
86.51288088349861,8.122052194489177,0,1,1,M,0
74.74360939652325,6.160688466915705,4,0,1,M,1
60.28892887780694,4.413505334973923,6,1,0,F,2
59.901890316920124,5.607467017166774,2,1,1,M,2
81.75606633164479,6.9342606757519505,2,0,1,F,1
64.5961578054202,5.984206766303757,1,1,1,M,2
56.788475221247054,5.55680382931856,4,0,1,F,2
68.28152260238794,6.906839168395977,1,0,0,M,1
63.59793143348842,5.782374563889077,1,0,1,M,1
85.39369044918553,8.063865156558412,5,0,1,F,1
58.52788534662336,4.065798465921264,2,1,1,M,2
48.69457413779074,3.846026519323472,6,0,1,M,2
38.71083963258835,4.299328036781526,0,0,1,M,2
59.89958846737332,4.649941354412697,5,0,0,Other,2
31.027297419232053,4.462649896245634,8,0,1,F,3
60.24610276819601,4.531852738778667,5,1,0,F,2
60.93553676952048,6.166229355769122,10,1,0,F,2
60.36295877827145,4.917193081256219,10,0,0,F,2
44.63275837455647,5.500503113617894,13,1,1,F,3
60.97665475575481,3.8788245286239476,7,0,0,M,3
61.23227725145359,6.876586431168806,1,0,0,M,2
11.947680751873676,2.8096338637624,6,0,1,M,3
29.20359002574019,4.370640897270205,4,1,0,F,3
24.696641398441102,3.271976005180224,7,0,0,M,3
41.08142201259633,2.801691924916794,9,1,1,M,3
83.93798745935457,6.727419303177209,0,0,1,F,1
61.98065429836495,7.55690947818422,2,0,1,F,1
50.99549630008225,4.827658757211633,4,1,1,M,2
15.553861805663711,3.0212856305804223,7,0,0,M,3
65.3060142226138,6.340729409245745,1,1,0,F,1
92.52647554550938,6.4727495596606115,2,0,1,M,1
60.711845657737214,6.973630186243568,5,1,1,F,1
49.268735950157335,3.592151789170806,3,1,0,Other,2
58.121537067418856,5.476598325369373,5,1,0,F,2
28.153565148799558,2.6522102498194395,5,1,1,M,3
50.38273464293764,4.620468323707325,5,1,1,M,2
58.31965400110903,6.664583960206166,1,1,0,M,1
52.274932634012316,5.300876294043193,2,0,1,Other,2
88.5307357754206,6.470121832640767,0,1,1,F,1
60.87087696709223,3.0,6,1,1,F,2
56.293553572492584,3.6925717090834342,8,1,1,M,3
79.932677938391,6.539343957162406,1,1,1,F,1
21.46388753503265,4.225573497228574,11,1,0,Other,3
47.6638884252419,4.173203574831675,3,0,0,F,2
89.71608402803655,8.187193225853132,0,0,0,M,0
25.611986497358878,3.570782547727963,6,0,1,F,3
82.76443763788457,7.788196696769581,1,0,0,M,0
62.17151948905358,4.3856356530078795,2,0,1,M,2
95.0,6.667404499243423,2,1,0,Other,1
58.80185551354276,4.735159574822336,4,1,0,M,2
58.356436066697995,6.028303818273607,1,0,1,M,1
86.69270109070172,6.473571475886029,2,1,1,M,1
38.33546828004661,4.9578092554985815,5,1,1,F,3
47.54033701085916,6.0,5,1,1,M,3
56.13752747772067,5.760932136623142,4,0,1,Other,2
73.74955584140116,6.344024476969952,2,0,0,M,1
60.241789223730294,4.026567611357548,4,0,1,M,3
47.958247085950994,4.552610853284005,6,0,0,M,2
85.78384864853564,7.544712558039276,0,0,0,F,0
87.64111983180833,7.795805686372637,0,0,0,M,0
78.0558019190248,6.658101885421587,2,1,0,F,1
80.31223228592582,6.665426997419741,3,1,1,F,1
91.14605687057534,7.568841020262228,1,1,0,M,0
88.6846939376513,7.077969667312562,3,1,0,F,1
1.9439872638147762,2.88259195621606,11,0,1,F,3
52.543480703429864,6.199861437783048,6,0,1,F,2
62.68671248481669,4.967402913746246,3,1,0,M,2
42.24854946085916,3.448918192179019,8,0,0,F,3
93.41255614426905,6.930909701502902,2,0,0,M,1
36.50001488236605,2.357015439813578,3,1,0,F,3
78.93229776984828,7.21732971362554,2,0,0,F,1
7.959796758409794,2.5718433562160503,7,0,0,F,3
79.8530328306314,7.623838367955775,1,1,0,M,1
16.45841658918613,5.554569451931238,6,1,1,M,3
71.35571581935758,6.953329784053693,1,0,1,F,1
82.69895981274765,5.927051678312731,1,0,0,F,1
91.99887113361719,8.120829859910419,0,0,0,M,0
66.82441601670034,5.748408311097539,3,1,0,F,1
54.9065065758442,3.4392838847327694,7,0,0,F,3
20.568675985013442,4.31217361885153,6,0,1,Other,3
89.41228916335935,7.887284275385951,0,0,1,F,0
78.09412839759925,6.607855994504208,1,0,1,F,1
69.08908581660457,4.745434822293932,6,1,0,Other,2
43.963078945776225,5.167743447273192,2,1,1,M,2
69.3328697468985,6.286865534577431,2,1,1,M,1
62.426175250186304,5.602704126589934,1,0,1,F,1
91.68787274399467,8.556482945830131,1,0,1,M,0
82.64596852748672,7.844758011902028,0,1,1,F,0
58.01761009043476,5.175151077657309,5,0,0,M,2
93.71627085601722,7.156765924382949,2,1,1,M,0
66.81973570759055,4.5517593784814805,4,0,1,M,2
82.68278999081498,8.223906858361355,0,1,0,M,0
43.74820339490191,4.049745250787831,14,0,0,M,3
36.617519733372504,3.699876013203757,8,0,0,F,3
98.0212718075857,7.948289943212683,0,0,1,F,0
88.53914407098223,7.458786401305857,2,1,0,M,0
89.6543103263693,8.68171435604285,0,0,0,F,0
27.27519415678134,4.429362508393278,5,0,0,M,3
90.27176792695191,7.721135556252393,1,0,0,F,0
57.265854611903194,6.9389767201044155,3,0,1,F,1
50.46532058521126,3.7615325626611114,3,0,0,F,3
58.29865024559524,5.271169519392892,4,1,1,F,2
58.84341823729815,4.473851112966025,3,0,0,F,2
69.06985805026046,5.3644643498692615,6,0,0,F,2
70.37660294478712,7.108832831015469,4,1,0,M,1
83.98159049695117,4.8877729698075205,7,1,1,M,2
37.97161571487477,5.011511754521786,8,0,0,M,2
65.07153192166061,7.030847122850846,4,0,1,M,1
36.119056861522,3.63028297476398,14,1,1,M,3
93.55613289896428,8.450092282009981,0,1,0,M,0
21.887088823984485,3.7441575428504414,7,1,0,M,3
92.33754671126023,8.395403060845041,0,0,0,M,0
35.27365263450825,4.227634657670508,3,0,1,M,2
77.27931766920794,5.922146301985256,3,0,1,F,2
88.56875633222154,8.89718502730018,0,0,0,M,0
87.71150284521588,7.986008771734891,1,0,1,Other,0
83.8776548413975,8.749187220148366,0,1,1,F,0
84.75984050294052,5.858065737477467,1,0,0,F,1
92.69057718501963,7.2182610260656555,0,1,0,M,0
69.62806205986583,6.304545356551821,1,0,0,F,1
69.3187866205389,4.653235736177708,2,0,0,F,2
75.28326745082941,6.8440168129577135,3,0,1,M,1
91.56004735775622,8.713742641842252,0,0,0,M,0
47.86552245416266,5.755673930232316,4,0,1,F,3
76.0870215281341,6.86117093373749,1,1,0,M,1
50.77384188211126,2.848690500592636,6,1,0,F,3
90.88256210686224,7.938657681252437,1,0,1,Other,0
56.560358286725176,3.692335200816418,8,0,1,Other,3
30.254921785189985,5.529716225192482,3,0,0,F,2
74.71841694727914,6.184183895177046,5,0,0,F,2
39.586340295950215,3.5590672374571035,7,0,0,M,3
63.98035894457513,5.5651041171396685,3,0,0,F,2
90.80095296658537,8.685270494307066,0,1,0,M,0
10.831140641446584,4.471910004491214,5,1,1,Other,3
60.934993729877675,7.077456522729872,0,0,1,F,1
32.83048419195858,4.724269338717745,6,1,0,M,3
90.00042196545706,8.840908309650413,0,0,1,F,0
63.9119702506196,7.938181566234544,6,1,1,M,1
97.03740930656858,7.877469674404649,0,1,1,F,0
86.37386967732124,7.991218586761277,0,0,0,F,0
24.00499642181273,5.925213077759254,4,1,1,M,3
69.64744433369421,7.104205517092897,2,0,0,M,1
90.98388048328479,8.051276591863134,0,1,0,Other,0
69.23301511072498,6.21570644817031,4,1,1,F,1
28.128306119077486,2.5851678423762836,9,0,0,M,3
41.34907593731488,2.3707171970858107,11,1,0,F,3
22.037911035544305,4.144747047167412,7,1,1,M,3
49.88625273338867,4.885141882689469,4,1,0,M,2
56.02185500100224,5.863701613840398,0,0,0,F,1
49.26295215158281,4.815355307609587,5,1,0,F,2
54.050096954255665,4.384695825804917,5,0,0,M,2
56.232690543025775,4.965487724744446,6,1,1,F,2
59.309344050408974,5.0969793469514855,3,1,1,F,2
29.38543853351055,4.278398465872821,13,0,1,M,3
24.987330470257227,5.478284589384492,9,1,0,M,3
69.54551849844484,6.1899924623379965,6,0,1,M,2
89.75640799034942,7.512020591942548,2,1,0,M,0
93.07989711287748,7.217120463909743,0,0,1,Other,0
81.32868323557288,5.0,3,1,0,M,1
58.91814188788459,7.778346542834759,1,0,0,M,1
58.85582593804733,3.9566141875254055,6,0,1,F,2
79.46308953546277,6.564389235171031,4,0,1,M,2
56.89324347667523,2.855127274366154,11,0,0,F,3
73.76222106180055,6.791602303714989,4,1,0,F,2
89.50757257745288,8.124518061153472,0,1,0,M,0
61.97625143783662,5.164525312475919,2,1,0,M,2
77.59287641534908,7.417027785006865,4,0,1,F,1
64.42613255336721,6.689339770277139,2,0,0,M,1
43.65300624159049,4.58418243939712,4,0,0,F,2
67.1659894610338,6.650855578511229,2,0,1,F,1
89.52868722873721,8.593862546630968,0,0,1,Other,0
95.63620603484017,7.956949674089476,1,0,0,M,0
88.51714523232646,8.155726417151719,0,0,0,F,0
57.43523279253686,5.81323044277225,2,1,1,Other,1
92.62093921406385,7.784330280880245,0,1,1,F,0
46.23644726080285,4.493955170922162,5,1,0,M,2
94.65786506437122,7.192170830339661,0,1,1,M,0
83.00719121669655,6.7665804769863716,1,1,1,F,1
89.0756881822737,7.514925240174294,1,1,0,M,0
92.27418286628101,5.747298133845038,1,0,0,M,1
33.995700547277295,5.025007818899578,5,0,1,F,3
44.05419350853089,5.17419934564415,2,1,1,F,3
71.33186822541917,6.135124838956243,5,1,1,M,2
57.315818494666374,5.030165508485394,11,1,0,M,3
93.30954288756566,7.161091107978191,1,1,0,F,1
57.14779633913664,5.5409099078214865,3,0,1,M,2
42.02193406217722,3.257698882366143,7,1,0,F,3
27.665429793153372,4.099882254287887,12,0,0,M,3
77.91205201131493,7.743703892982334,3,1,0,F,1
56.40918030375267,4.093197579715882,6,0,1,M,3
72.55671144820471,6.375765759034489,0,1,1,F,1
70.07752911234614,6.78318163516031,1,0,0,M,1
98.25463966115625,7.787613136103454,0,1,0,M,0
34.93138227867635,3.611273482452015,6,0,1,F,3
76.9923804124924,6.579359376617656,1,0,0,M,1
75.94469991819638,7.206369862613804,0,0,0,M,1
61.75357969148338,4.006609750278907,3,1,0,Other,2
14.853801963096387,3.5362173751782056,4,0,0,F,3
87.3788368791873,7.429935167554212,0,1,0,F,1
51.20995133611261,5.004432674233438,2,0,1,F,2
93.09585558487697,7.5001438856653095,1,0,1,Other,0
41.50444096459909,5.4107034031886565,7,1,0,M,3
75.24448721919786,6.544784397958198,2,1,0,F,1
65.04309773158194,6.221761665549399,1,1,1,M,1
98.64348822202797,7.492466047135592,0,0,1,M,0
86.5953522779803,7.5561521721427205,0,0,0,F,0
85.0,4.638047728389826,4,1,1,F,2
89.87068576023071,8.204018088440634,0,1,0,M,0
45.8403398206479,4.330373077420887,4,0,1,F,2
86.18471395152616,7.453264314769008,0,0,1,M,0
73.80971493399875,6.746402067756342,1,0,1,M,1
55.42613630757085,4.680828179738467,1,0,0,M,2
86.02931854987288,8.144458333584353,0,0,0,F,0
79.2161682990983,5.291375323213355,0,0,0,F,1
70.0430734274895,5.607626996610575,2,0,0,M,2
60.044892182171886,4.069315750941126,7,1,0,F,3
92.06945142686347,7.953350675173255,1,1,1,M,0
90.7537664943554,5.0,3,1,1,M,1
78.84652320862817,4.618234696844108,2,1,1,M,2
55.81012960091388,3.2379098166832323,10,1,0,M,3
88.05095098422116,8.805468497505947,2,1,1,M,0
18.13302432883352,2.4634261543102456,4,0,1,M,3
76.13799565340297,5.839788052941428,0,0,1,M,1
44.52797763117658,6.374589793161105,1,1,1,Other,2
53.71864029023815,4.7686684812715106,2,1,1,F,2
90.06247059363844,7.581268297957403,0,1,0,M,0
69.60502029498257,6.367919404741907,6,1,0,M,2
97.55614216638361,8.197966937215412,0,1,1,M,0
76.92915425174645,4.607843109217584,4,0,0,M,2
88.53404206675619,7.872083964329589,0,1,0,F,0
90.89637817478157,8.016053836985467,0,1,1,F,0
31.65378778931347,3.576276532635075,4,1,0,F,3
69.1600661703792,5.330778634484403,1,0,1,F,2
67.59063349340843,4.0559702535787565,9,0,1,M,3
65.98827120861293,4.639199016442564,6,0,1,M,2
71.981614855476,4.193580033757687,3,1,0,F,2
56.135728456342385,4.759745621471142,5,0,1,M,2
91.00047281319608,6.20506390774801,1,1,0,F,1
46.395699773438395,4.816000643177774,8,1,0,M,2
65.57339948994505,4.511514082960296,5,1,0,M,2
